Workbook

Sheet CO-PO mapping summary
C1: L. D. College of Engineering Ahmedabad
C2: Electrical Engineering Department: Sem - 3 (2025 - 26)
C3: Subject: BE03009011 - Analog and Digital Engineering
C6: Total Hours planned for CO's
C7: CO | D7: CO1 | E7: CO2 | F7: CO3 | G7: CO4 | H7: CO5 | I7: Total
C8: Th | D8: =SUMIFS(COPO_Th_Pr_Oth!$D$5:$D$111,COPO_Th_Pr_Oth!$C$5:$C$111,"Th",COPO_Th_Pr_Oth!E$5:E$111,"1") -> 45 | E8: =SUMIFS(COPO_Th_Pr_Oth!$D$5:$D$111,COPO_Th_Pr_Oth!$C$5:$C$111,"Th",COPO_Th_Pr_Oth!F$5:F$111,"1") -> 6 | F8: =SUMIFS(COPO_Th_Pr_Oth!$D$5:$D$111,COPO_Th_Pr_Oth!$C$5:$C$111,"Th",COPO_Th_Pr_Oth!G$5:G$111,"1") -> 6 | G8: =SUMIFS(COPO_Th_Pr_Oth!$D$5:$D$111,COPO_Th_Pr_Oth!$C$5:$C$111,"Th",COPO_Th_Pr_Oth!H$5:H$111,"1") -> 17 | H8: =SUMIFS(COPO_Th_Pr_Oth!$D$5:$D$111,COPO_Th_Pr_Oth!$C$5:$C$111,"Th",COPO_Th_Pr_Oth!I$5:I$111,"1") -> 8 | I8: =SUM(D8:H8) -> 82
C9: Lab | D9: =SUMIFS(COPO_Th_Pr_Oth!$D$5:$D$111,COPO_Th_Pr_Oth!$C$5:$C$111,"Pr",COPO_Th_Pr_Oth!E$5:E$111,"1") -> 14 | E9: =SUMIFS(COPO_Th_Pr_Oth!$D$5:$D$111,COPO_Th_Pr_Oth!$C$5:$C$111,"Pr",COPO_Th_Pr_Oth!F$5:F$111,"1") -> 4 | F9: =SUMIFS(COPO_Th_Pr_Oth!$D$5:$D$111,COPO_Th_Pr_Oth!$C$5:$C$111,"Pr",COPO_Th_Pr_Oth!G$5:G$111,"1") -> 6 | G9: =SUMIFS(COPO_Th_Pr_Oth!$D$5:$D$111,COPO_Th_Pr_Oth!$C$5:$C$111,"Pr",COPO_Th_Pr_Oth!H$5:H$111,"1") -> 8 | H9: =SUMIFS(COPO_Th_Pr_Oth!$D$5:$D$111,COPO_Th_Pr_Oth!$C$5:$C$111,"Pr",COPO_Th_Pr_Oth!I$5:I$111,"1") -> 2 | I9: =SUM(D9:H9) -> 34
C10: Other | D10: =SUMIFS(COPO_Th_Pr_Oth!$D$5:$D$111,COPO_Th_Pr_Oth!$C$5:$C$111,"Oth",COPO_Th_Pr_Oth!E$5:E$111,"1") -> 0 | E10: =SUMIFS(COPO_Th_Pr_Oth!$D$5:$D$111,COPO_Th_Pr_Oth!$C$5:$C$111,"Oth",COPO_Th_Pr_Oth!F$5:F$111,"1") -> 0 | F10: =SUMIFS(COPO_Th_Pr_Oth!$D$5:$D$111,COPO_Th_Pr_Oth!$C$5:$C$111,"Oth",COPO_Th_Pr_Oth!G$5:G$111,"1") -> 0 | G10: =SUMIFS(COPO_Th_Pr_Oth!$D$5:$D$111,COPO_Th_Pr_Oth!$C$5:$C$111,"Oth",COPO_Th_Pr_Oth!H$5:H$111,"1") -> 0 | H10: =SUMIFS(COPO_Th_Pr_Oth!$D$5:$D$111,COPO_Th_Pr_Oth!$C$5:$C$111,"Oth",COPO_Th_Pr_Oth!I$5:I$111,"1") -> 0 | I10: =SUM(D10:H10) -> 0
C11: Total | D11: =SUM(D8:D10) -> 59 | E11: =SUM(E8:E10) -> 10 | F11: =SUM(F8:F10) -> 12 | G11: =SUM(G8:G10) -> 25 | H11: =SUM(H8:H10) -> 10 | I11: =SUM(D11:H11) -> 116
C13: Total Hours planned for CO's (Percentages)
C14: Th | D14: =(D8/$I$8)*100 -> 54.878049 | E14: =(E8/$I$8)*100 -> 7.3170732 | F14: =(F8/$I$8)*100 -> 7.3170732 | G14: =(G8/$I$8)*100 -> 20.731707 | H14: =(H8/$I$8)*100 -> 9.7560976
C15: Lab | D15: =(D9/$I$9)*100 -> 41.176471 | E15: =(E9/$I$9)*100 -> 11.764706 | F15: =(F9/$I$9)*100 -> 17.647059 | G15: =(G9/$I$9)*100 -> 23.529412 | H15: =(H9/$I$9)*100 -> 5.8823529
C16: Other | D16: =(D10/$I$10)*100 -> #DIV/0! | E16: =(E10/$I$10)*100 -> #DIV/0! | F16: =(F10/$I$10)*100 -> #DIV/0! | G16: =(G10/$I$10)*100 -> #DIV/0! | H16: =(H10/$I$10)*100 -> #DIV/0!
D17: =(D11/$I$11)*100 -> 50.862069 | E17: =(E11/$I$11)*100 -> 8.6206897 | F17: =(F11/$I$11)*100 -> 10.344828 | G17: =(G11/$I$11)*100 -> 21.551724 | H17: =(H11/$I$11)*100 -> 8.6206897
C20: Total Hours for all CO-PO/PSO combinations | S20: Total Hours For CO
D21: PO1 | E21: PO2 | F21: PO3 | G21: PO4 | H21: PO5 | I21: PO6 | J21: PO7 | K21: PO8 | L21: PO9 | M21: PO10 | N21: PO11 | O21: PSO4 | P21: PSO1 | Q21: PSO2 | R21: PSO3
C22: CO1 | D22: =COPO_Th_Pr_Oth!AA4 -> 59 | E22: =COPO_Th_Pr_Oth!AB4 -> 59 | F22: =COPO_Th_Pr_Oth!AC4 -> 58 | G22: =COPO_Th_Pr_Oth!AD4 -> 26 | H22: =COPO_Th_Pr_Oth!AE4 -> 30 | I22: =COPO_Th_Pr_Oth!AF4 -> 0 | J22: =COPO_Th_Pr_Oth!AG4 -> 0 | K22: =COPO_Th_Pr_Oth!AH4 -> 10 | ... R22: =COPO_Th_Pr_Oth!AO4 -> 16 | S22: =D$11 -> 59
C23: CO2 | D23: =COPO_Th_Pr_Oth!AQ4 -> 10 | E23: =COPO_Th_Pr_Oth!AR4 -> 10 | F23: =COPO_Th_Pr_Oth!AS4 -> 10 | G23: =COPO_Th_Pr_Oth!AT4 -> 3 | H23: =COPO_Th_Pr_Oth!AU4 -> 6 | I23: =COPO_Th_Pr_Oth!AV4 -> 0 | J23: =COPO_Th_Pr_Oth!AW4 -> 0 | K23: =COPO_Th_Pr_Oth!AX4 -> 3 | ... P23: =COPO_Th_Pr_Oth!BC4 -> 6 | Q23: =COPO_Th_Pr_Oth!AN5 -> 0 | R23: =COPO_Th_Pr_Oth!BE4 -> 5 | S23: =E$11 -> 10
C24: CO3 | D24: =COPO_Th_Pr_Oth!BG4 -> 12 | E24: =COPO_Th_Pr_Oth!BH4 -> 12 | F24: =COPO_Th_Pr_Oth!BI4 -> 12 | G24: =COPO_Th_Pr_Oth!BJ4 -> 2 | H24: =COPO_Th_Pr_Oth!BK4 -> 8 | I24: =COPO_Th_Pr_Oth!BL4 -> 0 | J24: =COPO_Th_Pr_Oth!BM4 -> 0 | K24: =COPO_Th_Pr_Oth!BN4 -> 2 | ... P24: =COPO_Th_Pr_Oth!BS4 -> 6 | Q24: =COPO_Th_Pr_Oth!AN6 -> 0 | R24: =COPO_Th_Pr_Oth!BU4 -> 0 | S24: =F$11 -> 12
C25: CO4 | D25: =COPO_Th_Pr_Oth!BW4 -> 25 | E25: =COPO_Th_Pr_Oth!BX4 -> 25 | F25: =COPO_Th_Pr_Oth!BY4 -> 25 | G25: =COPO_Th_Pr_Oth!BZ4 -> 14 | H25: =COPO_Th_Pr_Oth!CA4 -> 20 | I25: =COPO_Th_Pr_Oth!CB4 -> 0 | J25: =COPO_Th_Pr_Oth!CC4 -> 0 | K25: =COPO_Th_Pr_Oth!CD4 -> 5 | ... P25: =COPO_Th_Pr_Oth!CI4 -> 17 | Q25: =COPO_Th_Pr_Oth!AN7 -> 0 | R25: =COPO_Th_Pr_Oth!CK4 -> 7 | S25: =G$11 -> 25
C26: CO5 | D26: =COPO_Th_Pr_Oth!CM4 -> 10 | E26: =COPO_Th_Pr_Oth!CN4 -> 10 | F26: =COPO_Th_Pr_Oth!CO4 -> 10 | G26: =COPO_Th_Pr_Oth!CP4 -> 0 | H26: =COPO_Th_Pr_Oth!CQ4 -> 2 | I26: =COPO_Th_Pr_Oth!CR4 -> 0 | J26: =COPO_Th_Pr_Oth!CS4 -> 0 | K26: =COPO_Th_Pr_Oth!CT4 -> 0 | ... P26: =COPO_Th_Pr_Oth!CY4 -> 8 | Q26: =COPO_Th_Pr_Oth!AN8 -> 0 | R26: =COPO_Th_Pr_Oth!DA4 -> 0 | S26: =H$11 -> 10
D27: =SUM(D22:D26) -> 116 | E27: =SUM(E22:E26) -> 116 | F27: =SUM(F22:F26) -> 115 | G27: =SUM(G22:G26) -> 45 | H27: =SUM(H22:H26) -> 66 | I27: =SUM(I22:I26) -> 0 | J27: =SUM(J22:J26) -> 0 | K27: =SUM(K22:K26) -> 20 | ... R27: =SUM(R22:R26) -> 28 | S27: =I$11 -> 116
C30: CO-PO/PSO mapping
D31: PO1 | E31: PO2 | F31: PO3 | G31: PO4 | H31: PO5 | I31: PO6 | J31: PO7 | K31: PO8 | L31: PO9 | M31: PO10 | N31: PO11 | O31: PSO4 | P31: PSO1 | Q31: PSO2 | R31: PSO3
C32: CO1 | D32: =IF($S22>0,IF((D22/$S22*100)>50,3,IF((D22/$S22*100)>25,2,IF((D22/$S22*100)>10,1,""))),"") -> 3 | E32: =IF($S22>0,IF((E22/$S22*100)>50,3,IF((E22/$S22*100)>25,2,IF((E22/$S22*100)>10,1,""))),"") -> 3 | F32: =IF($S22>0,IF((F22/$S22*100)>50,3,IF((F22/$S22*100)>25,2,IF((F22/$S22*100)>10,1,""))),"") -> 3 | G32: =IF($S22>0,IF((G22/$S22*100)>50,3,IF((G22/$S22*100)>25,2,IF((G22/$S22*100)>10,1,""))),"") -> 2 | H32: =IF($S22>0,IF((H22/$S22*100)>50,3,IF((H22/$S22*100)>25,2,IF((H22/$S22*100)>10,1,""))),"") -> 3 | I32: =IF($S22>0,IF((I22/$S22*100)>50,3,IF((I22/$S22*100)>25,2,IF((I22/$S22*100)>10,1,""))),"") | J32: =IF($S22>0,IF((J22/$S22*100)>50,3,IF((J22/$S22*100)>25,2,IF((J22/$S22*100)>10,1,""))),"") | K32: =IF($S22>0,IF((K22/$S22*100)>50,3,IF((K22/$S22*100)>25,2,IF((K22/$S22*100)>10,1,""))),"") -> 1 | ... R32: =IF($S22>0,IF((R22/$S22*100)>50,3,IF((R22/$S22*100)>25,2,IF((R22/$S22*100)>10,1,""))),"") -> 2
C33: CO2 | D33: =IF($S23>0,IF((D23/$S23*100)>50,3,IF((D23/$S23*100)>25,2,IF((D23/$S23*100)>10,1,""))),"") -> 3 | E33: =IF($S23>0,IF((E23/$S23*100)>50,3,IF((E23/$S23*100)>25,2,IF((E23/$S23*100)>10,1,""))),"") -> 3 | F33: =IF($S23>0,IF((F23/$S23*100)>50,3,IF((F23/$S23*100)>25,2,IF((F23/$S23*100)>10,1,""))),"") -> 3 | G33: =IF($S23>0,IF((G23/$S23*100)>50,3,IF((G23/$S23*100)>25,2,IF((G23/$S23*100)>10,1,""))),"") -> 2 | H33: =IF($S23>0,IF((H23/$S23*100)>50,3,IF((H23/$S23*100)>25,2,IF((H23/$S23*100)>10,1,""))),"") -> 3 | I33: =IF($S23>0,IF((I23/$S23*100)>50,3,IF((I23/$S23*100)>25,2,IF((I23/$S23*100)>10,1,""))),"") | J33: =IF($S23>0,IF((J23/$S23*100)>50,3,IF((J23/$S23*100)>25,2,IF((J23/$S23*100)>10,1,""))),"") | K33: =IF($S23>0,IF((K23/$S23*100)>50,3,IF((K23/$S23*100)>25,2,IF((K23/$S23*100)>10,1,""))),"") -> 2 | ... R33: =IF($S23>0,IF((R23/$S23*100)>50,3,IF((R23/$S23*100)>25,2,IF((R23/$S23*100)>10,1,""))),"") -> 2
C34: CO3 | D34: =IF($S24>0,IF((D24/$S24*100)>50,3,IF((D24/$S24*100)>25,2,IF((D24/$S24*100)>10,1,""))),"") -> 3 | E34: =IF($S24>0,IF((E24/$S24*100)>50,3,IF((E24/$S24*100)>25,2,IF((E24/$S24*100)>10,1,""))),"") -> 3 | F34: =IF($S24>0,IF((F24/$S24*100)>50,3,IF((F24/$S24*100)>25,2,IF((F24/$S24*100)>10,1,""))),"") -> 3 | G34: =IF($S24>0,IF((G24/$S24*100)>50,3,IF((G24/$S24*100)>25,2,IF((G24/$S24*100)>10,1,""))),"") -> 1 | H34: =IF($S24>0,IF((H24/$S24*100)>50,3,IF((H24/$S24*100)>25,2,IF((H24/$S24*100)>10,1,""))),"") -> 3 | I34: =IF($S24>0,IF((I24/$S24*100)>50,3,IF((I24/$S24*100)>25,2,IF((I24/$S24*100)>10,1,""))),"") | J34: =IF($S24>0,IF((J24/$S24*100)>50,3,IF((J24/$S24*100)>25,2,IF((J24/$S24*100)>10,1,""))),"") | K34: =IF($S24>0,IF((K24/$S24*100)>50,3,IF((K24/$S24*100)>25,2,IF((K24/$S24*100)>10,1,""))),"") -> 1 | ... R34: =IF($S24>0,IF((R24/$S24*100)>50,3,IF((R24/$S24*100)>25,2,IF((R24/$S24*100)>10,1,""))),"")
C35: CO4 | D35: =IF($S25>0,IF((D25/$S25*100)>50,3,IF((D25/$S25*100)>25,2,IF((D25/$S25*100)>10,1,""))),"") -> 3 | E35: =IF($S25>0,IF((E25/$S25*100)>50,3,IF((E25/$S25*100)>25,2,IF((E25/$S25*100)>10,1,""))),"") -> 3 | F35: =IF($S25>0,IF((F25/$S25*100)>50,3,IF((F25/$S25*100)>25,2,IF((F25/$S25*100)>10,1,""))),"") -> 3 | G35: =IF($S25>0,IF((G25/$S25*100)>50,3,IF((G25/$S25*100)>25,2,IF((G25/$S25*100)>10,1,""))),"") -> 3 | H35: =IF($S25>0,IF((H25/$S25*100)>50,3,IF((H25/$S25*100)>25,2,IF((H25/$S25*100)>10,1,""))),"") -> 3 | I35: =IF($S25>0,IF((I25/$S25*100)>50,3,IF((I25/$S25*100)>25,2,IF((I25/$S25*100)>10,1,""))),"") | J35: =IF($S25>0,IF((J25/$S25*100)>50,3,IF((J25/$S25*100)>25,2,IF((J25/$S25*100)>10,1,""))),"") | K35: =IF($S25>0,IF((K25/$S25*100)>50,3,IF((K25/$S25*100)>25,2,IF((K25/$S25*100)>10,1,""))),"") -> 1 | ... R35: =IF($S25>0,IF((R25/$S25*100)>50,3,IF((R25/$S25*100)>25,2,IF((R25/$S25*100)>10,1,""))),"") -> 2
C36: CO5 | D36: =IF($S26>0,IF((D26/$S26*100)>50,3,IF((D26/$S26*100)>25,2,IF((D26/$S26*100)>10,1,""))),"") -> 3 | E36: =IF($S26>0,IF((E26/$S26*100)>50,3,IF((E26/$S26*100)>25,2,IF((E26/$S26*100)>10,1,""))),"") -> 3 | F36: =IF($S26>0,IF((F26/$S26*100)>50,3,IF((F26/$S26*100)>25,2,IF((F26/$S26*100)>10,1,""))),"") -> 3 | G36: =IF($S26>0,IF((G26/$S26*100)>50,3,IF((G26/$S26*100)>25,2,IF((G26/$S26*100)>10,1,""))),"") | H36: =IF($S26>0,IF((H26/$S26*100)>50,3,IF((H26/$S26*100)>25,2,IF((H26/$S26*100)>10,1,""))),"") -> 1 | I36: =IF($S26>0,IF((I26/$S26*100)>50,3,IF((I26/$S26*100)>25,2,IF((I26/$S26*100)>10,1,""))),"") | J36: =IF($S26>0,IF((J26/$S26*100)>50,3,IF((J26/$S26*100)>25,2,IF((J26/$S26*100)>10,1,""))),"") | K36: =IF($S26>0,IF((K26/$S26*100)>50,3,IF((K26/$S26*100)>25,2,IF((K26/$S26*100)>10,1,""))),"") | ... R36: =IF($S26>0,IF((R26/$S26*100)>50,3,IF((R26/$S26*100)>25,2,IF((R26/$S26*100)>10,1,""))),"")
C37: Avg. | D37: =IFERROR(AVERAGE(D32:D36),"") -> 3 | E37: =IFERROR(AVERAGE(E32:E36),"") -> 3 | F37: =IFERROR(AVERAGE(F32:F36),"") -> 3 | G37: =IFERROR(AVERAGE(G32:G36),"") -> 2 | H37: =IFERROR(AVERAGE(H32:H36),"") -> 2.6 | I37: =IFERROR(AVERAGE(I32:I36),"") | J37: =IFERROR(AVERAGE(J32:J36),"") | K37: =IFERROR(AVERAGE(K32:K36),"") -> 1.25 | ... R37: =IFERROR(AVERAGE(R32:R36),"") -> 2

Sheet COPO_Th_Pr_Oth
A1: Unit/ Sub-unit | B1: Topic | C1: Load Type | D1: Hrs. | E1: COs | J1: POs | V1: PSOs | AA1: CO1-POs (Hours) | AM1: PSOs | AQ1: CO2-POs (Hours) | BC1: PSOs | BG1: CO3-POs (Hours) | BS1: PSOs | BW1: CO4-POs (Hours) | CI1: PSOs | CM1: CO5-POs (Hours) | CY1: PSOs
E2: CO1 | F2: CO2 | G2: CO3 | H2: CO4 | I2: CO5 | J2: Engineering Knowledge | K2: Problem Analysis | L2: Des/Dev of Sol | M2: Inv Cmplx Prob | N2: Tool usage | O2: Engineer and The World | P2: Ethics | Q2: Individual And Collaborative Team Work | R2: Communication | S2: Project Management and Finance | T2: Life-Long Learning | U2: PSO4 | V2: PSO1 | W2: PSO2 | X2: PSO3 | AA2: Compu Know. | AB2: Prob Ana | AC2: Des/Dev of Sol | AD2: Inv Cmplx Prob | AE2: Tool usage | AF2: Ethics | AG2: Life-long learning | AH2: Proj mgmt & fin | AI2: Communication | AJ2: Er. And soc. Concern | AK2: Ind & Team work | AL2: PSO4 | AM2: PSO1 | AN2: PSO2 | AO2: PSO3 | AQ2: Compu Know. | AR2: Prob Ana | AS2: Des/Dev of Sol | AT2: Inv Cmplx Prob | AU2: Tool usage | AV2: Ethics | AW2: Life-long learning | AX2: Proj mgmt & fin | AY2: Communication | AZ2: Er. And soc. Concern | BA2: Ind & Team work | BB2: PSO4 | BC2: PSO1 | BD2: PSO2 | BE2: PSO3 | BG2: Compu Know. | BH2: Prob Ana | BI2: Des/Dev of Sol | BJ2: Inv Cmplx Prob | BK2: Tool usage | BL2: Ethics | BM2: Life-long learning | BN2: Proj mgmt & fin | BO2: Communication | BP2: Er. And soc. Concern | BQ2: Ind & Team work | BR2: PSO4 | BS2: PSO1 | BT2: PSO2 | BU2: PSO3 | BW2: Compu Know. | BX2: Prob Ana | BY2: Des/Dev of Sol | BZ2: Inv Cmplx Prob | CA2: Tool usage | CB2: Ethics | CC2: Life-long learning | CD2: Proj mgmt & fin | CE2: Communication | CF2: Er. And soc. Concern | CG2: Ind & Team work | CH2: PSO4 | CI2: PSO1 | CJ2: PSO2 | CK2: PSO3 | CM2: Compu Know. | CN2: Prob Ana | CO2: Des/Dev of Sol | CP2: Inv Cmplx Prob | CQ2: Tool usage | CR2: Ethics | CS2: Life-long learning | CT2: Proj mgmt & fin | CU2: Communication | CV2: Er. And soc. Concern | CW2: Ind & Team work | CX2: PSO4 | CY2: PSO1 | CZ2: PSO2 | DA2: PSO3
E3: 1 | F3: 2 | G3: 3 | H3: 4 | I3: 5 | J3: 1 | K3: 2 | L3: 3 | M3: 4 | N3: 5 | O3: 6 | P3: 7 | Q3: 8 | R3: 9 | S3: 10 | T3: 11 | U3: 12 | V3: 1 | W3: 2 | X3: 3 | Y3: 4 | AA3: 1 | AB3: 2 | AC3: 3 | AD3: 4 | AE3: 5 | AF3: 6 | AG3: 7 | AH3: 8 | AI3: 9 | AJ3: 10 | AK3: 11 | AL3: 12 | AM3: 1 | AN3: 2 | AO3: 3 | AQ3: 1 | AR3: 2 | AS3: 3 | AT3: 4 | AU3: 5 | AV3: 6 | AW3: 7 | AX3: 8 | AY3: 9 | AZ3: 10 | BA3: 11 | BB3: 12 | BC3: 1 | BD3: 2 | BE3: 3 | BG3: 1 | BH3: 2 | BI3: 3 | BJ3: 4 | BK3: 5 | BL3: 6 | BM3: 7 | BN3: 8 | BO3: 9 | BP3: 10 | BQ3: 11 | BR3: 12 | BS3: 1 | BT3: 2 | BU3: 3 | BW3: 1 | BX3: 2 | BY3: 3 | BZ3: 4 | CA3: 5 | CB3: 6 | CC3: 7 | CD3: 8 | CE3: 9 | CF3: 10 | CG3: 11 | CH3: 12 | CI3: 1 | CJ3: 2 | CK3: 3 | CM3: 1 | CN3: 2 | CO3: 3 | CP3: 4 | CQ3: 5 | CR3: 6 | CS3: 7 | CT3: 8 | CU3: 9 | CV3: 10 | CW3: 11 | CX3: 12 | CY3: 1 | CZ3: 2 | DA3: 3
E4: =COUNTA(E5:E111) -> 51 | F4: =COUNTA(F5:F111) -> 8 | G4: =COUNTA(G5:G111) -> 9 | H4: =COUNTA(H5:H111) -> 21 | I4: =COUNTA(I5:I111) -> 9 | J4: =COUNTA(J5:J111) -> 54 | K4: =COUNTA(K5:K111) -> 54 | L4: =COUNTA(L5:L111) -> 53 | ... Y4: =COUNTA(Y5:Y111) -> 0 | AA4: =SUM(AA5:AA111) -> 59 | AB4: =SUM(AB5:AB111) -> 59 | AC4: =SUM(AC5:AC111) -> 58 | AD4: =SUM(AD5:AD111) -> 26 | AE4: =SUM(AE5:AE111) -> 30 | AF4: =SUM(AF5:AF111) -> 0 | AG4: =SUM(AG5:AG111) -> 0 | AH4: =SUM(AH5:AH111) -> 10 | ... AO4: =SUM(AO5:AO111) -> 16 | AQ4: =SUM(AQ5:AQ111) -> 10 | AR4: =SUM(AR5:AR111) -> 10 | AS4: =SUM(AS5:AS111) -> 10 | AT4: =SUM(AT5:AT111) -> 3 | AU4: =SUM(AU5:AU111) -> 6 | AV4: =SUM(AV5:AV111) -> 0 | AW4: =SUM(AW5:AW111) -> 0 | AX4: =SUM(AX5:AX111) -> 3 | ... BE4: =SUM(BE5:BE111) -> 5 | BG4: =SUM(BG5:BG111) -> 12 | BH4: =SUM(BH5:BH111) -> 12 | BI4: =SUM(BI5:BI111) -> 12 | BJ4: =SUM(BJ5:BJ111) -> 2 | BK4: =SUM(BK5:BK111) -> 8 | BL4: =SUM(BL5:BL111) -> 0 | BM4: =SUM(BM5:BM111) -> 0 | BN4: =SUM(BN5:BN111) -> 2 | ... BU4: =SUM(BU5:BU111) -> 0 | BW4: =SUM(BW5:BW111) -> 25 | BX4: =SUM(BX5:BX111) -> 25 | BY4: =SUM(BY5:BY111) -> 25 | BZ4: =SUM(BZ5:BZ111) -> 14 | CA4: =SUM(CA5:CA111) -> 20 | CB4: =SUM(CB5:CB111) -> 0 | CC4: =SUM(CC5:CC111) -> 0 | CD4: =SUM(CD5:CD111) -> 5 | ... CK4: =SUM(CK5:CK111) -> 7 | CM4: =SUM(CM5:CM111) -> 10 | CN4: =SUM(CN5:CN111) -> 10 | CO4: =SUM(CO5:CO111) -> 10 | CP4: =SUM(CP5:CP111) -> 0 | CQ4: =SUM(CQ5:CQ111) -> 2 | CR4: =SUM(CR5:CR111) -> 0 | CS4: =SUM(CS5:CS111) -> 0 | CT4: =SUM(CT5:CT111) -> 0 | ... DA4: =SUM(DA5:DA111) -> 0
A5: Unit 1 | B5: Differential, multi-stage and operational amplifiers | AA5: =$D5*$E5*J5 -> 0 | AB5: =$D5*$E5*K5 -> 0 | AC5: =$D5*$E5*L5 -> 0 | AD5: =$D5*$E5*M5 -> 0 | AE5: =$D5*$E5*N5 -> 0 | AF5: =$D5*$E5*O5 -> 0 | AG5: =$D5*$E5*P5 -> 0 | AH5: =$D5*$E5*Q5 -> 0 | ... AO5: =$D5*$E5*X5 -> 0 | AQ5: =$D5*$F5*J5 -> 0 | AR5: =$D5*$F5*K5 -> 0 | AS5: =$D5*$F5*L5 -> 0 | AT5: =$D5*$F5*M5 -> 0 | AU5: =$D5*$F5*N5 -> 0 | AV5: =$D5*$F5*O5 -> 0 | AW5: =$D5*$F5*P5 -> 0 | AX5: =$D5*$F5*Q5 -> 0 | ... BE5: =$D5*$F5*X5 -> 0 | BG5: =$D5*$G5*J5 -> 0 | BH5: =$D5*$G5*K5 -> 0 | BI5: =$D5*$G5*L5 -> 0 | BJ5: =$D5*$G5*M5 -> 0 | BK5: =$D5*$G5*N5 -> 0 | BL5: =$D5*$G5*O5 -> 0 | BM5: =$D5*$G5*P5 -> 0 | BN5: =$D5*$G5*Q5 -> 0 | ... BU5: =$D5*$G5*X5 -> 0 | BW5: =$D5*$H5*J5 -> 0 | BX5: =$D5*$H5*K5 -> 0 | BY5: =$D5*$H5*L5 -> 0 | BZ5: =$D5*$H5*M5 -> 0 | CA5: =$D5*$H5*N5 -> 0 | CB5: =$D5*$H5*O5 -> 0 | CC5: =$D5*$H5*P5 -> 0 | CD5: =$D5*$H5*Q5 -> 0 | ... CK5: =$D5*$H5*X5 -> 0 | CM5: =$D5*$I5*J5 -> 0 | CN5: =$D5*$I5*K5 -> 0 | CO5: =$D5*$I5*L5 -> 0 | CP5: =$D5*$I5*M5 -> 0 | CQ5: =$D5*$I5*N5 -> 0 | CR5: =$D5*$I5*O5 -> 0 | CS5: =$D5*$I5*P5 -> 0 | CT5: =$D5*$I5*Q5 -> 0 | ... DA5: =$D5*$I5*X5 -> 0
A6: 1.1 | B6: Differential Amplifier | C6: Th | D6: 2 | E6: 1 | J6: 1 | K6: 1 | L6: 1 | M6: 1 | S6: 1 | V6: 1 | X6: 1 | AA6: =$D6*$E6*J6 -> 2 | AB6: =$D6*$E6*K6 -> 2 | AC6: =$D6*$E6*L6 -> 2 | AD6: =$D6*$E6*M6 -> 2 | AE6: =$D6*$E6*N6 -> 0 | AF6: =$D6*$E6*O6 -> 0 | AG6: =$D6*$E6*P6 -> 0 | AH6: =$D6*$E6*Q6 -> 0 | ... AO6: =$D6*$E6*X6 -> 2 | AQ6: =$D6*$F6*J6 -> 0 | AR6: =$D6*$F6*K6 -> 0 | AS6: =$D6*$F6*L6 -> 0 | AT6: =$D6*$F6*M6 -> 0 | AU6: =$D6*$F6*N6 -> 0 | AV6: =$D6*$F6*O6 -> 0 | AW6: =$D6*$F6*P6 -> 0 | AX6: =$D6*$F6*Q6 -> 0 | ... BE6: =$D6*$F6*X6 -> 0 | BG6: =$D6*$G6*J6 -> 0 | BH6: =$D6*$G6*K6 -> 0 | BI6: =$D6*$G6*L6 -> 0 | BJ6: =$D6*$G6*M6 -> 0 | BK6: =$D6*$G6*N6 -> 0 | BL6: =$D6*$G6*O6 -> 0 | BM6: =$D6*$G6*P6 -> 0 | BN6: =$D6*$G6*Q6 -> 0 | ... BU6: =$D6*$G6*X6 -> 0 | BW6: =$D6*$H6*J6 -> 0 | BX6: =$D6*$H6*K6 -> 0 | BY6: =$D6*$H6*L6 -> 0 | BZ6: =$D6*$H6*M6 -> 0 | CA6: =$D6*$H6*N6 -> 0 | CB6: =$D6*$H6*O6 -> 0 | CC6: =$D6*$H6*P6 -> 0 | CD6: =$D6*$H6*Q6 -> 0 | ... CK6: =$D6*$H6*X6 -> 0 | CM6: =$D6*$I6*J6 -> 0 | CN6: =$D6*$I6*K6 -> 0 | CO6: =$D6*$I6*L6 -> 0 | CP6: =$D6*$I6*M6 -> 0 | CQ6: =$D6*$I6*N6 -> 0 | CR6: =$D6*$I6*O6 -> 0 | CS6: =$D6*$I6*P6 -> 0 | CT6: =$D6*$I6*Q6 -> 0 | ... DA6: =$D6*$I6*X6 -> 0
A7: 1.2 | B7: Power Amplifier | C7: Th | D7: 1 | E7: 1 | J7: 1 | K7: 1 | L7: 1 | M7: 1 | S7: 1 | V7: 1 | X7: 1 | AA7: =$D7*$E7*J7 -> 1 | AB7: =$D7*$E7*K7 -> 1 | AC7: =$D7*$E7*L7 -> 1 | AD7: =$D7*$E7*M7 -> 1 | AE7: =$D7*$E7*N7 -> 0 | AF7: =$D7*$E7*O7 -> 0 | AG7: =$D7*$E7*P7 -> 0 | AH7: =$D7*$E7*Q7 -> 0 | ... AO7: =$D7*$E7*X7 -> 1 | AQ7: =$D7*$F7*J7 -> 0 | AR7: =$D7*$F7*K7 -> 0 | AS7: =$D7*$F7*L7 -> 0 | AT7: =$D7*$F7*M7 -> 0 | AU7: =$D7*$F7*N7 -> 0 | AV7: =$D7*$F7*O7 -> 0 | AW7: =$D7*$F7*P7 -> 0 | AX7: =$D7*$F7*Q7 -> 0 | ... BE7: =$D7*$F7*X7 -> 0 | BG7: =$D7*$G7*J7 -> 0 | BH7: =$D7*$G7*K7 -> 0 | BI7: =$D7*$G7*L7 -> 0 | BJ7: =$D7*$G7*M7 -> 0 | BK7: =$D7*$G7*N7 -> 0 | BL7: =$D7*$G7*O7 -> 0 | BM7: =$D7*$G7*P7 -> 0 | BN7: =$D7*$G7*Q7 -> 0 | ... BU7: =$D7*$G7*X7 -> 0 | BW7: =$D7*$H7*J7 -> 0 | BX7: =$D7*$H7*K7 -> 0 | BY7: =$D7*$H7*L7 -> 0 | BZ7: =$D7*$H7*M7 -> 0 | CA7: =$D7*$H7*N7 -> 0 | CB7: =$D7*$H7*O7 -> 0 | CC7: =$D7*$H7*P7 -> 0 | CD7: =$D7*$H7*Q7 -> 0 | ... CK7: =$D7*$H7*X7 -> 0 | CM7: =$D7*$I7*J7 -> 0 | CN7: =$D7*$I7*K7 -> 0 | CO7: =$D7*$I7*L7 -> 0 | CP7: =$D7*$I7*M7 -> 0 | CQ7: =$D7*$I7*N7 -> 0 | CR7: =$D7*$I7*O7 -> 0 | CS7: =$D7*$I7*P7 -> 0 | CT7: =$D7*$I7*Q7 -> 0 | ... DA7: =$D7*$I7*X7 -> 0
A8: 1.3 | B8: Direct Coupled Multi-Stage Amplifier | C8: Th | D8: 1 | E8: 1 | J8: 1 | K8: 1 | L8: 1 | M8: 1 | S8: 1 | V8: 1 | X8: 1 | AA8: =$D8*$E8*J8 -> 1 | AB8: =$D8*$E8*K8 -> 1 | AC8: =$D8*$E8*L8 -> 1 | AD8: =$D8*$E8*M8 -> 1 | AE8: =$D8*$E8*N8 -> 0 | AF8: =$D8*$E8*O8 -> 0 | AG8: =$D8*$E8*P8 -> 0 | AH8: =$D8*$E8*Q8 -> 0 | ... AO8: =$D8*$E8*X8 -> 1 | AQ8: =$D8*$F8*J8 -> 0 | AR8: =$D8*$F8*K8 -> 0 | AS8: =$D8*$F8*L8 -> 0 | AT8: =$D8*$F8*M8 -> 0 | AU8: =$D8*$F8*N8 -> 0 | AV8: =$D8*$F8*O8 -> 0 | AW8: =$D8*$F8*P8 -> 0 | AX8: =$D8*$F8*Q8 -> 0 | ... BE8: =$D8*$F8*X8 -> 0 | BG8: =$D8*$G8*J8 -> 0 | BH8: =$D8*$G8*K8 -> 0 | BI8: =$D8*$G8*L8 -> 0 | BJ8: =$D8*$G8*M8 -> 0 | BK8: =$D8*$G8*N8 -> 0 | BL8: =$D8*$G8*O8 -> 0 | BM8: =$D8*$G8*P8 -> 0 | BN8: =$D8*$G8*Q8 -> 0 | ... BU8: =$D8*$G8*X8 -> 0 | BW8: =$D8*$H8*J8 -> 0 | BX8: =$D8*$H8*K8 -> 0 | BY8: =$D8*$H8*L8 -> 0 | BZ8: =$D8*$H8*M8 -> 0 | CA8: =$D8*$H8*N8 -> 0 | CB8: =$D8*$H8*O8 -> 0 | CC8: =$D8*$H8*P8 -> 0 | CD8: =$D8*$H8*Q8 -> 0 | ... CK8: =$D8*$H8*X8 -> 0 | CM8: =$D8*$I8*J8 -> 0 | CN8: =$D8*$I8*K8 -> 0 | CO8: =$D8*$I8*L8 -> 0 | CP8: =$D8*$I8*M8 -> 0 | CQ8: =$D8*$I8*N8 -> 0 | CR8: =$D8*$I8*O8 -> 0 | CS8: =$D8*$I8*P8 -> 0 | CT8: =$D8*$I8*Q8 -> 0 | ... DA8: =$D8*$I8*X8 -> 0
A9: 1.4 | B9: Internal Structure of an Operational Amplifier | C9: Th | D9: 1 | E9: 1 | J9: 1 | K9: 1 | V9: 1 | AA9: =$D9*$E9*J9 -> 1 | AB9: =$D9*$E9*K9 -> 1 | AC9: =$D9*$E9*L9 -> 0 | AD9: =$D9*$E9*M9 -> 0 | AE9: =$D9*$E9*N9 -> 0 | AF9: =$D9*$E9*O9 -> 0 | AG9: =$D9*$E9*P9 -> 0 | AH9: =$D9*$E9*Q9 -> 0 | ... AO9: =$D9*$E9*X9 -> 0 | AQ9: =$D9*$F9*J9 -> 0 | AR9: =$D9*$F9*K9 -> 0 | AS9: =$D9*$F9*L9 -> 0 | AT9: =$D9*$F9*M9 -> 0 | AU9: =$D9*$F9*N9 -> 0 | AV9: =$D9*$F9*O9 -> 0 | AW9: =$D9*$F9*P9 -> 0 | AX9: =$D9*$F9*Q9 -> 0 | ... BE9: =$D9*$F9*X9 -> 0 | BG9: =$D9*$G9*J9 -> 0 | BH9: =$D9*$G9*K9 -> 0 | BI9: =$D9*$G9*L9 -> 0 | BJ9: =$D9*$G9*M9 -> 0 | BK9: =$D9*$G9*N9 -> 0 | BL9: =$D9*$G9*O9 -> 0 | BM9: =$D9*$G9*P9 -> 0 | BN9: =$D9*$G9*Q9 -> 0 | ... BU9: =$D9*$G9*X9 -> 0 | BW9: =$D9*$H9*J9 -> 0 | BX9: =$D9*$H9*K9 -> 0 | BY9: =$D9*$H9*L9 -> 0 | BZ9: =$D9*$H9*M9 -> 0 | CA9: =$D9*$H9*N9 -> 0 | CB9: =$D9*$H9*O9 -> 0 | CC9: =$D9*$H9*P9 -> 0 | CD9: =$D9*$H9*Q9 -> 0 | ... CK9: =$D9*$H9*X9 -> 0 | CM9: =$D9*$I9*J9 -> 0 | CN9: =$D9*$I9*K9 -> 0 | CO9: =$D9*$I9*L9 -> 0 | CP9: =$D9*$I9*M9 -> 0 | CQ9: =$D9*$I9*N9 -> 0 | CR9: =$D9*$I9*O9 -> 0 | CS9: =$D9*$I9*P9 -> 0 | CT9: =$D9*$I9*Q9 -> 0 | ... DA9: =$D9*$I9*X9 -> 0
A10: 1.5 | B10: Ideal Op-Amp, Non-Idealities in an Op-Amp | C10: Th | D10: 1 | E10: 1 | J10: 1 | K10: 1 | L10: 1 | M10: 1 | S10: 1 | V10: 1 | AA10: =$D10*$E10*J10 -> 1 | AB10: =$D10*$E10*K10 -> 1 | AC10: =$D10*$E10*L10 -> 1 | AD10: =$D10*$E10*M10 -> 1 | AE10: =$D10*$E10*N10 -> 0 | AF10: =$D10*$E10*O10 -> 0 | AG10: =$D10*$E10*P10 -> 0 | AH10: =$D10*$E10*Q10 -> 0 | ... AO10: =$D10*$E10*X10 -> 0 | AQ10: =$D10*$F10*J10 -> 0 | AR10: =$D10*$F10*K10 -> 0 | AS10: =$D10*$F10*L10 -> 0 | AT10: =$D10*$F10*M10 -> 0 | AU10: =$D10*$F10*N10 -> 0 | AV10: =$D10*$F10*O10 -> 0 | AW10: =$D10*$F10*P10 -> 0 | AX10: =$D10*$F10*Q10 -> 0 | ... BE10: =$D10*$F10*X10 -> 0 | BG10: =$D10*$G10*J10 -> 0 | BH10: =$D10*$G10*K10 -> 0 | BI10: =$D10*$G10*L10 -> 0 | BJ10: =$D10*$G10*M10 -> 0 | BK10: =$D10*$G10*N10 -> 0 | BL10: =$D10*$G10*O10 -> 0 | BM10: =$D10*$G10*P10 -> 0 | BN10: =$D10*$G10*Q10 -> 0 | ... BU10: =$D10*$G10*X10 -> 0 | BW10: =$D10*$H10*J10 -> 0 | BX10: =$D10*$H10*K10 -> 0 | BY10: =$D10*$H10*L10 -> 0 | BZ10: =$D10*$H10*M10 -> 0 | CA10: =$D10*$H10*N10 -> 0 | CB10: =$D10*$H10*O10 -> 0 | CC10: =$D10*$H10*P10 -> 0 | CD10: =$D10*$H10*Q10 -> 0 | ... CK10: =$D10*$H10*X10 -> 0 | CM10: =$D10*$I10*J10 -> 0 | CN10: =$D10*$I10*K10 -> 0 | CO10: =$D10*$I10*L10 -> 0 | CP10: =$D10*$I10*M10 -> 0 | CQ10: =$D10*$I10*N10 -> 0 | CR10: =$D10*$I10*O10 -> 0 | CS10: =$D10*$I10*P10 -> 0 | CT10: =$D10*$I10*Q10 -> 0 | ... DA10: =$D10*$I10*X10 -> 0
A11: 1.6 | B11: Output Offset Voltage, Input Bias Current | C11: Th | D11: 1 | E11: 1 | J11: 1 | K11: 1 | L11: 1 | M11: 1 | V11: 1 | W11: 1 | AA11: =$D11*$E11*J11 -> 1 | AB11: =$D11*$E11*K11 -> 1 | AC11: =$D11*$E11*L11 -> 1 | AD11: =$D11*$E11*M11 -> 1 | AE11: =$D11*$E11*N11 -> 0 | AF11: =$D11*$E11*O11 -> 0 | AG11: =$D11*$E11*P11 -> 0 | AH11: =$D11*$E11*Q11 -> 0 | ... AO11: =$D11*$E11*X11 -> 0 | AQ11: =$D11*$F11*J11 -> 0 | AR11: =$D11*$F11*K11 -> 0 | AS11: =$D11*$F11*L11 -> 0 | AT11: =$D11*$F11*M11 -> 0 | AU11: =$D11*$F11*N11 -> 0 | AV11: =$D11*$F11*O11 -> 0 | AW11: =$D11*$F11*P11 -> 0 | AX11: =$D11*$F11*Q11 -> 0 | ... BE11: =$D11*$F11*X11 -> 0 | BG11: =$D11*$G11*J11 -> 0 | BH11: =$D11*$G11*K11 -> 0 | BI11: =$D11*$G11*L11 -> 0 | BJ11: =$D11*$G11*M11 -> 0 | BK11: =$D11*$G11*N11 -> 0 | BL11: =$D11*$G11*O11 -> 0 | BM11: =$D11*$G11*P11 -> 0 | BN11: =$D11*$G11*Q11 -> 0 | ... BU11: =$D11*$G11*X11 -> 0 | BW11: =$D11*$H11*J11 -> 0 | BX11: =$D11*$H11*K11 -> 0 | BY11: =$D11*$H11*L11 -> 0 | BZ11: =$D11*$H11*M11 -> 0 | CA11: =$D11*$H11*N11 -> 0 | CB11: =$D11*$H11*O11 -> 0 | CC11: =$D11*$H11*P11 -> 0 | CD11: =$D11*$H11*Q11 -> 0 | ... CK11: =$D11*$H11*X11 -> 0 | CM11: =$D11*$I11*J11 -> 0 | CN11: =$D11*$I11*K11 -> 0 | CO11: =$D11*$I11*L11 -> 0 | CP11: =$D11*$I11*M11 -> 0 | CQ11: =$D11*$I11*N11 -> 0 | CR11: =$D11*$I11*O11 -> 0 | CS11: =$D11*$I11*P11 -> 0 | CT11: =$D11*$I11*Q11 -> 0 | ... DA11: =$D11*$I11*X11 -> 0
A12: 1.7 | B12: Input Offset Current, Slew Rate, Gain Bandwidth Product | C12: Th | D12: 1 | E12: 1 | J12: 1 | K12: 1 | L12: 1 | M12: 1 | S12: 1 | V12: 1 | W12: 1 | AA12: =$D12*$E12*J12 -> 1 | AB12: =$D12*$E12*K12 -> 1 | AC12: =$D12*$E12*L12 -> 1 | AD12: =$D12*$E12*M12 -> 1 | AE12: =$D12*$E12*N12 -> 0 | AF12: =$D12*$E12*O12 -> 0 | AG12: =$D12*$E12*P12 -> 0 | AH12: =$D12*$E12*Q12 -> 0 | ... AO12: =$D12*$E12*X12 -> 0 | AQ12: =$D12*$F12*J12 -> 0 | AR12: =$D12*$F12*K12 -> 0 | AS12: =$D12*$F12*L12 -> 0 | AT12: =$D12*$F12*M12 -> 0 | AU12: =$D12*$F12*N12 -> 0 | AV12: =$D12*$F12*O12 -> 0 | AW12: =$D12*$F12*P12 -> 0 | AX12: =$D12*$F12*Q12 -> 0 | ... BE12: =$D12*$F12*X12 -> 0 | BG12: =$D12*$G12*J12 -> 0 | BH12: =$D12*$G12*K12 -> 0 | BI12: =$D12*$G12*L12 -> 0 | BJ12: =$D12*$G12*M12 -> 0 | BK12: =$D12*$G12*N12 -> 0 | BL12: =$D12*$G12*O12 -> 0 | BM12: =$D12*$G12*P12 -> 0 | BN12: =$D12*$G12*Q12 -> 0 | ... BU12: =$D12*$G12*X12 -> 0 | BW12: =$D12*$H12*J12 -> 0 | BX12: =$D12*$H12*K12 -> 0 | BY12: =$D12*$H12*L12 -> 0 | BZ12: =$D12*$H12*M12 -> 0 | CA12: =$D12*$H12*N12 -> 0 | CB12: =$D12*$H12*O12 -> 0 | CC12: =$D12*$H12*P12 -> 0 | CD12: =$D12*$H12*Q12 -> 0 | ... CK12: =$D12*$H12*X12 -> 0 | CM12: =$D12*$I12*J12 -> 0 | CN12: =$D12*$I12*K12 -> 0 | CO12: =$D12*$I12*L12 -> 0 | CP12: =$D12*$I12*M12 -> 0 | CQ12: =$D12*$I12*N12 -> 0 | CR12: =$D12*$I12*O12 -> 0 | CS12: =$D12*$I12*P12 -> 0 | CT12: =$D12*$I12*Q12 -> 0 | ... DA12: =$D12*$I12*X12 -> 0
A13: Unit 2 | B13: Linear applications of op-amp | AA13: =$D13*$E13*J13 -> 0 | AB13: =$D13*$E13*K13 -> 0 | AC13: =$D13*$E13*L13 -> 0 | AD13: =$D13*$E13*M13 -> 0 | AE13: =$D13*$E13*N13 -> 0 | AF13: =$D13*$E13*O13 -> 0 | AG13: =$D13*$E13*P13 -> 0 | AH13: =$D13*$E13*Q13 -> 0 | ... AO13: =$D13*$E13*X13 -> 0 | AQ13: =$D13*$F13*J13 -> 0 | AR13: =$D13*$F13*K13 -> 0 | AS13: =$D13*$F13*L13 -> 0 | AT13: =$D13*$F13*M13 -> 0 | AU13: =$D13*$F13*N13 -> 0 | AV13: =$D13*$F13*O13 -> 0 | AW13: =$D13*$F13*P13 -> 0 | AX13: =$D13*$F13*Q13 -> 0 | ... BE13: =$D13*$F13*X13 -> 0 | BG13: =$D13*$G13*J13 -> 0 | BH13: =$D13*$G13*K13 -> 0 | BI13: =$D13*$G13*L13 -> 0 | BJ13: =$D13*$G13*M13 -> 0 | BK13: =$D13*$G13*N13 -> 0 | BL13: =$D13*$G13*O13 -> 0 | BM13: =$D13*$G13*P13 -> 0 | BN13: =$D13*$G13*Q13 -> 0 | ... BU13: =$D13*$G13*X13 -> 0 | BW13: =$D13*$H13*J13 -> 0 | BX13: =$D13*$H13*K13 -> 0 | BY13: =$D13*$H13*L13 -> 0 | BZ13: =$D13*$H13*M13 -> 0 | CA13: =$D13*$H13*N13 -> 0 | CB13: =$D13*$H13*O13 -> 0 | CC13: =$D13*$H13*P13 -> 0 | CD13: =$D13*$H13*Q13 -> 0 | ... CK13: =$D13*$H13*X13 -> 0 | CM13: =$D13*$I13*J13 -> 0 | CN13: =$D13*$I13*K13 -> 0 | CO13: =$D13*$I13*L13 -> 0 | CP13: =$D13*$I13*M13 -> 0 | CQ13: =$D13*$I13*N13 -> 0 | CR13: =$D13*$I13*O13 -> 0 | CS13: =$D13*$I13*P13 -> 0 | CT13: =$D13*$I13*Q13 -> 0 | ... DA13: =$D13*$I13*X13 -> 0
A14: 2.1 | B14: Idealized Analysis of Op-Amp Circuits | C14: Th | D14: 1 | E14: 1 | F14: 1 | J14: 1 | K14: 1 | L14: 1 | M14: 1 | U14: 1 | V14: 1 | W14: 1 | AA14: =$D14*$E14*J14 -> 1 | AB14: =$D14*$E14*K14 -> 1 | AC14: =$D14*$E14*L14 -> 1 | AD14: =$D14*$E14*M14 -> 1 | AE14: =$D14*$E14*N14 -> 0 | AF14: =$D14*$E14*O14 -> 0 | AG14: =$D14*$E14*P14 -> 0 | AH14: =$D14*$E14*Q14 -> 0 | ... AO14: =$D14*$E14*X14 -> 0 | AQ14: =$D14*$F14*J14 -> 1 | AR14: =$D14*$F14*K14 -> 1 | AS14: =$D14*$F14*L14 -> 1 | AT14: =$D14*$F14*M14 -> 1 | AU14: =$D14*$F14*N14 -> 0 | AV14: =$D14*$F14*O14 -> 0 | AW14: =$D14*$F14*P14 -> 0 | AX14: =$D14*$F14*Q14 -> 0 | ... BE14: =$D14*$F14*X14 -> 0 | BG14: =$D14*$G14*J14 -> 0 | BH14: =$D14*$G14*K14 -> 0 | BI14: =$D14*$G14*L14 -> 0 | BJ14: =$D14*$G14*M14 -> 0 | BK14: =$D14*$G14*N14 -> 0 | BL14: =$D14*$G14*O14 -> 0 | BM14: =$D14*$G14*P14 -> 0 | BN14: =$D14*$G14*Q14 -> 0 | ... BU14: =$D14*$G14*X14 -> 0 | BW14: =$D14*$H14*J14 -> 0 | BX14: =$D14*$H14*K14 -> 0 | BY14: =$D14*$H14*L14 -> 0 | BZ14: =$D14*$H14*M14 -> 0 | CA14: =$D14*$H14*N14 -> 0 | CB14: =$D14*$H14*O14 -> 0 | CC14: =$D14*$H14*P14 -> 0 | CD14: =$D14*$H14*Q14 -> 0 | ... CK14: =$D14*$H14*X14 -> 0 | CM14: =$D14*$I14*J14 -> 0 | CN14: =$D14*$I14*K14 -> 0 | CO14: =$D14*$I14*L14 -> 0 | CP14: =$D14*$I14*M14 -> 0 | CQ14: =$D14*$I14*N14 -> 0 | CR14: =$D14*$I14*O14 -> 0 | CS14: =$D14*$I14*P14 -> 0 | CT14: =$D14*$I14*Q14 -> 0 | ... DA14: =$D14*$I14*X14 -> 0
A15: 2.2 | B15: Inverting and Non-Inverting Amplifier | C15: Th | D15: 1 | E15: 1 | F15: 1 | J15: 1 | K15: 1 | L15: 1 | U15: 1 | V15: 1 | W15: 1 | X15: 1 | AA15: =$D15*$E15*J15 -> 1 | AB15: =$D15*$E15*K15 -> 1 | AC15: =$D15*$E15*L15 -> 1 | AD15: =$D15*$E15*M15 -> 0 | AE15: =$D15*$E15*N15 -> 0 | AF15: =$D15*$E15*O15 -> 0 | AG15: =$D15*$E15*P15 -> 0 | AH15: =$D15*$E15*Q15 -> 0 | ... AO15: =$D15*$E15*X15 -> 1 | AQ15: =$D15*$F15*J15 -> 1 | AR15: =$D15*$F15*K15 -> 1 | AS15: =$D15*$F15*L15 -> 1 | AT15: =$D15*$F15*M15 -> 0 | AU15: =$D15*$F15*N15 -> 0 | AV15: =$D15*$F15*O15 -> 0 | AW15: =$D15*$F15*P15 -> 0 | AX15: =$D15*$F15*Q15 -> 0 | ... BE15: =$D15*$F15*X15 -> 1 | BG15: =$D15*$G15*J15 -> 0 | BH15: =$D15*$G15*K15 -> 0 | BI15: =$D15*$G15*L15 -> 0 | BJ15: =$D15*$G15*M15 -> 0 | BK15: =$D15*$G15*N15 -> 0 | BL15: =$D15*$G15*O15 -> 0 | BM15: =$D15*$G15*P15 -> 0 | BN15: =$D15*$G15*Q15 -> 0 | ... BU15: =$D15*$G15*X15 -> 0 | BW15: =$D15*$H15*J15 -> 0 | BX15: =$D15*$H15*K15 -> 0 | BY15: =$D15*$H15*L15 -> 0 | BZ15: =$D15*$H15*M15 -> 0 | CA15: =$D15*$H15*N15 -> 0 | CB15: =$D15*$H15*O15 -> 0 | CC15: =$D15*$H15*P15 -> 0 | CD15: =$D15*$H15*Q15 -> 0 | ... CK15: =$D15*$H15*X15 -> 0 | CM15: =$D15*$I15*J15 -> 0 | CN15: =$D15*$I15*K15 -> 0 | CO15: =$D15*$I15*L15 -> 0 | CP15: =$D15*$I15*M15 -> 0 | CQ15: =$D15*$I15*N15 -> 0 | CR15: =$D15*$I15*O15 -> 0 | CS15: =$D15*$I15*P15 -> 0 | CT15: =$D15*$I15*Q15 -> 0 | ... DA15: =$D15*$I15*X15 -> 0
A16: 2.3 | B16: Differential Amplifier, Instrumentation Amplifier | C16: Th | D16: 1 | E16: 1 | F16: 1 | J16: 1 | K16: 1 | L16: 1 | Q16: 1 | U16: 1 | V16: 1 | W16: 1 | X16: 1 | AA16: =$D16*$E16*J16 -> 1 | AB16: =$D16*$E16*K16 -> 1 | AC16: =$D16*$E16*L16 -> 1 | AD16: =$D16*$E16*M16 -> 0 | AE16: =$D16*$E16*N16 -> 0 | AF16: =$D16*$E16*O16 -> 0 | AG16: =$D16*$E16*P16 -> 0 | AH16: =$D16*$E16*Q16 -> 1 | ... AO16: =$D16*$E16*X16 -> 1 | AQ16: =$D16*$F16*J16 -> 1 | AR16: =$D16*$F16*K16 -> 1 | AS16: =$D16*$F16*L16 -> 1 | AT16: =$D16*$F16*M16 -> 0 | AU16: =$D16*$F16*N16 -> 0 | AV16: =$D16*$F16*O16 -> 0 | AW16: =$D16*$F16*P16 -> 0 | AX16: =$D16*$F16*Q16 -> 1 | ... BE16: =$D16*$F16*X16 -> 1 | BG16: =$D16*$G16*J16 -> 0 | BH16: =$D16*$G16*K16 -> 0 | BI16: =$D16*$G16*L16 -> 0 | BJ16: =$D16*$G16*M16 -> 0 | BK16: =$D16*$G16*N16 -> 0 | BL16: =$D16*$G16*O16 -> 0 | BM16: =$D16*$G16*P16 -> 0 | BN16: =$D16*$G16*Q16 -> 0 | ... BU16: =$D16*$G16*X16 -> 0 | BW16: =$D16*$H16*J16 -> 0 | BX16: =$D16*$H16*K16 -> 0 | BY16: =$D16*$H16*L16 -> 0 | BZ16: =$D16*$H16*M16 -> 0 | CA16: =$D16*$H16*N16 -> 0 | CB16: =$D16*$H16*O16 -> 0 | CC16: =$D16*$H16*P16 -> 0 | CD16: =$D16*$H16*Q16 -> 0 | ... CK16: =$D16*$H16*X16 -> 0 | CM16: =$D16*$I16*J16 -> 0 | CN16: =$D16*$I16*K16 -> 0 | CO16: =$D16*$I16*L16 -> 0 | CP16: =$D16*$I16*M16 -> 0 | CQ16: =$D16*$I16*N16 -> 0 | CR16: =$D16*$I16*O16 -> 0 | CS16: =$D16*$I16*P16 -> 0 | CT16: =$D16*$I16*Q16 -> 0 | ... DA16: =$D16*$I16*X16 -> 0
A17: 2.4 | B17: Integrator and Differentiator | C17: Th | D17: 1 | E17: 1 | F17: 1 | J17: 1 | K17: 1 | L17: 1 | V17: 1 | W17: 1 | X17: 1 | AA17: =$D17*$E17*J17 -> 1 | AB17: =$D17*$E17*K17 -> 1 | AC17: =$D17*$E17*L17 -> 1 | AD17: =$D17*$E17*M17 -> 0 | AE17: =$D17*$E17*N17 -> 0 | AF17: =$D17*$E17*O17 -> 0 | AG17: =$D17*$E17*P17 -> 0 | AH17: =$D17*$E17*Q17 -> 0 | ... AO17: =$D17*$E17*X17 -> 1 | AQ17: =$D17*$F17*J17 -> 1 | AR17: =$D17*$F17*K17 -> 1 | AS17: =$D17*$F17*L17 -> 1 | AT17: =$D17*$F17*M17 -> 0 | AU17: =$D17*$F17*N17 -> 0 | AV17: =$D17*$F17*O17 -> 0 | AW17: =$D17*$F17*P17 -> 0 | AX17: =$D17*$F17*Q17 -> 0 | ... BE17: =$D17*$F17*X17 -> 1 | BG17: =$D17*$G17*J17 -> 0 | BH17: =$D17*$G17*K17 -> 0 | BI17: =$D17*$G17*L17 -> 0 | BJ17: =$D17*$G17*M17 -> 0 | BK17: =$D17*$G17*N17 -> 0 | BL17: =$D17*$G17*O17 -> 0 | BM17: =$D17*$G17*P17 -> 0 | BN17: =$D17*$G17*Q17 -> 0 | ... BU17: =$D17*$G17*X17 -> 0 | BW17: =$D17*$H17*J17 -> 0 | BX17: =$D17*$H17*K17 -> 0 | BY17: =$D17*$H17*L17 -> 0 | BZ17: =$D17*$H17*M17 -> 0 | CA17: =$D17*$H17*N17 -> 0 | CB17: =$D17*$H17*O17 -> 0 | CC17: =$D17*$H17*P17 -> 0 | CD17: =$D17*$H17*Q17 -> 0 | ... CK17: =$D17*$H17*X17 -> 0 | CM17: =$D17*$I17*J17 -> 0 | CN17: =$D17*$I17*K17 -> 0 | CO17: =$D17*$I17*L17 -> 0 | CP17: =$D17*$I17*M17 -> 0 | CQ17: =$D17*$I17*N17 -> 0 | CR17: =$D17*$I17*O17 -> 0 | CS17: =$D17*$I17*P17 -> 0 | CT17: =$D17*$I17*Q17 -> 0 | ... DA17: =$D17*$I17*X17 -> 0
A18: 2.5 | B18: Active Filter, Voltage regulator | C18: Th | D18: 1 | E18: 1 | F18: 1 | J18: 1 | K18: 1 | L18: 1 | M18: 1 | N18: 1 | Q18: 1 | S18: 1 | V18: 1 | W18: 1 | X18: 1 | AA18: =$D18*$E18*J18 -> 1 | AB18: =$D18*$E18*K18 -> 1 | AC18: =$D18*$E18*L18 -> 1 | AD18: =$D18*$E18*M18 -> 1 | AE18: =$D18*$E18*N18 -> 1 | AF18: =$D18*$E18*O18 -> 0 | AG18: =$D18*$E18*P18 -> 0 | AH18: =$D18*$E18*Q18 -> 1 | ... AO18: =$D18*$E18*X18 -> 1 | AQ18: =$D18*$F18*J18 -> 1 | AR18: =$D18*$F18*K18 -> 1 | AS18: =$D18*$F18*L18 -> 1 | AT18: =$D18*$F18*M18 -> 1 | AU18: =$D18*$F18*N18 -> 1 | AV18: =$D18*$F18*O18 -> 0 | AW18: =$D18*$F18*P18 -> 0 | AX18: =$D18*$F18*Q18 -> 1 | ... BE18: =$D18*$F18*X18 -> 1 | BG18: =$D18*$G18*J18 -> 0 | BH18: =$D18*$G18*K18 -> 0 | BI18: =$D18*$G18*L18 -> 0 | BJ18: =$D18*$G18*M18 -> 0 | BK18: =$D18*$G18*N18 -> 0 | BL18: =$D18*$G18*O18 -> 0 | BM18: =$D18*$G18*P18 -> 0 | BN18: =$D18*$G18*Q18 -> 0 | ... BU18: =$D18*$G18*X18 -> 0 | BW18: =$D18*$H18*J18 -> 0 | BX18: =$D18*$H18*K18 -> 0 | BY18: =$D18*$H18*L18 -> 0 | BZ18: =$D18*$H18*M18 -> 0 | CA18: =$D18*$H18*N18 -> 0 | CB18: =$D18*$H18*O18 -> 0 | CC18: =$D18*$H18*P18 -> 0 | CD18: =$D18*$H18*Q18 -> 0 | ... CK18: =$D18*$H18*X18 -> 0 | CM18: =$D18*$I18*J18 -> 0 | CN18: =$D18*$I18*K18 -> 0 | CO18: =$D18*$I18*L18 -> 0 | CP18: =$D18*$I18*M18 -> 0 | CQ18: =$D18*$I18*N18 -> 0 | CR18: =$D18*$I18*O18 -> 0 | CS18: =$D18*$I18*P18 -> 0 | CT18: =$D18*$I18*Q18 -> 0 | ... DA18: =$D18*$I18*X18 -> 0
A19: 2.6 | B19: Oscillators (Wein Bridge and Phase Shift) | C19: Th | D19: 1 | E19: 1 | F19: 1 | J19: 1 | K19: 1 | L19: 1 | M19: 1 | N19: 1 | Q19: 1 | S19: 1 | V19: 1 | W19: 1 | X19: 1 | AA19: =$D19*$E19*J19 -> 1 | AB19: =$D19*$E19*K19 -> 1 | AC19: =$D19*$E19*L19 -> 1 | AD19: =$D19*$E19*M19 -> 1 | AE19: =$D19*$E19*N19 -> 1 | AF19: =$D19*$E19*O19 -> 0 | AG19: =$D19*$E19*P19 -> 0 | AH19: =$D19*$E19*Q19 -> 1 | ... AO19: =$D19*$E19*X19 -> 1 | AQ19: =$D19*$F19*J19 -> 1 | AR19: =$D19*$F19*K19 -> 1 | AS19: =$D19*$F19*L19 -> 1 | AT19: =$D19*$F19*M19 -> 1 | AU19: =$D19*$F19*N19 -> 1 | AV19: =$D19*$F19*O19 -> 0 | AW19: =$D19*$F19*P19 -> 0 | AX19: =$D19*$F19*Q19 -> 1 | ... BE19: =$D19*$F19*X19 -> 1 | BG19: =$D19*$G19*J19 -> 0 | BH19: =$D19*$G19*K19 -> 0 | BI19: =$D19*$G19*L19 -> 0 | BJ19: =$D19*$G19*M19 -> 0 | BK19: =$D19*$G19*N19 -> 0 | BL19: =$D19*$G19*O19 -> 0 | BM19: =$D19*$G19*P19 -> 0 | BN19: =$D19*$G19*Q19 -> 0 | ... BU19: =$D19*$G19*X19 -> 0 | BW19: =$D19*$H19*J19 -> 0 | BX19: =$D19*$H19*K19 -> 0 | BY19: =$D19*$H19*L19 -> 0 | BZ19: =$D19*$H19*M19 -> 0 | CA19: =$D19*$H19*N19 -> 0 | CB19: =$D19*$H19*O19 -> 0 | CC19: =$D19*$H19*P19 -> 0 | CD19: =$D19*$H19*Q19 -> 0 | ... CK19: =$D19*$H19*X19 -> 0 | CM19: =$D19*$I19*J19 -> 0 | CN19: =$D19*$I19*K19 -> 0 | CO19: =$D19*$I19*L19 -> 0 | CP19: =$D19*$I19*M19 -> 0 | CQ19: =$D19*$I19*N19 -> 0 | CR19: =$D19*$I19*O19 -> 0 | CS19: =$D19*$I19*P19 -> 0 | CT19: =$D19*$I19*Q19 -> 0 | ... DA19: =$D19*$I19*X19 -> 0
A20: Unit 3 | B20: Nonlinear applications of op-amp | AA20: =$D20*$E20*J20 -> 0 | AB20: =$D20*$E20*K20 -> 0 | AC20: =$D20*$E20*L20 -> 0 | AD20: =$D20*$E20*M20 -> 0 | AE20: =$D20*$E20*N20 -> 0 | AF20: =$D20*$E20*O20 -> 0 | AG20: =$D20*$E20*P20 -> 0 | AH20: =$D20*$E20*Q20 -> 0 | ... AO20: =$D20*$E20*X20 -> 0 | AQ20: =$D20*$F20*J20 -> 0 | AR20: =$D20*$F20*K20 -> 0 | AS20: =$D20*$F20*L20 -> 0 | AT20: =$D20*$F20*M20 -> 0 | AU20: =$D20*$F20*N20 -> 0 | AV20: =$D20*$F20*O20 -> 0 | AW20: =$D20*$F20*P20 -> 0 | AX20: =$D20*$F20*Q20 -> 0 | ... BE20: =$D20*$F20*X20 -> 0 | BG20: =$D20*$G20*J20 -> 0 | BH20: =$D20*$G20*K20 -> 0 | BI20: =$D20*$G20*L20 -> 0 | BJ20: =$D20*$G20*M20 -> 0 | BK20: =$D20*$G20*N20 -> 0 | BL20: =$D20*$G20*O20 -> 0 | BM20: =$D20*$G20*P20 -> 0 | BN20: =$D20*$G20*Q20 -> 0 | ... BU20: =$D20*$G20*X20 -> 0 | BW20: =$D20*$H20*J20 -> 0 | BX20: =$D20*$H20*K20 -> 0 | BY20: =$D20*$H20*L20 -> 0 | BZ20: =$D20*$H20*M20 -> 0 | CA20: =$D20*$H20*N20 -> 0 | CB20: =$D20*$H20*O20 -> 0 | CC20: =$D20*$H20*P20 -> 0 | CD20: =$D20*$H20*Q20 -> 0 | ... CK20: =$D20*$H20*X20 -> 0 | CM20: =$D20*$I20*J20 -> 0 | CN20: =$D20*$I20*K20 -> 0 | CO20: =$D20*$I20*L20 -> 0 | CP20: =$D20*$I20*M20 -> 0 | CQ20: =$D20*$I20*N20 -> 0 | CR20: =$D20*$I20*O20 -> 0 | CS20: =$D20*$I20*P20 -> 0 | CT20: =$D20*$I20*Q20 -> 0 | ... DA20: =$D20*$I20*X20 -> 0
A21: 3.1 | B21: Hysteretic Comparator | C21: Th | D21: 1 | E21: 1 | G21: 1 | J21: 1 | K21: 1 | L21: 1 | S21: 1 | V21: 1 | W21: 1 | AA21: =$D21*$E21*J21 -> 1 | AB21: =$D21*$E21*K21 -> 1 | AC21: =$D21*$E21*L21 -> 1 | AD21: =$D21*$E21*M21 -> 0 | AE21: =$D21*$E21*N21 -> 0 | AF21: =$D21*$E21*O21 -> 0 | AG21: =$D21*$E21*P21 -> 0 | AH21: =$D21*$E21*Q21 -> 0 | ... AO21: =$D21*$E21*X21 -> 0 | AQ21: =$D21*$F21*J21 -> 0 | AR21: =$D21*$F21*K21 -> 0 | AS21: =$D21*$F21*L21 -> 0 | AT21: =$D21*$F21*M21 -> 0 | AU21: =$D21*$F21*N21 -> 0 | AV21: =$D21*$F21*O21 -> 0 | AW21: =$D21*$F21*P21 -> 0 | AX21: =$D21*$F21*Q21 -> 0 | ... BE21: =$D21*$F21*X21 -> 0 | BG21: =$D21*$G21*J21 -> 1 | BH21: =$D21*$G21*K21 -> 1 | BI21: =$D21*$G21*L21 -> 1 | BJ21: =$D21*$G21*M21 -> 0 | BK21: =$D21*$G21*N21 -> 0 | BL21: =$D21*$G21*O21 -> 0 | BM21: =$D21*$G21*P21 -> 0 | BN21: =$D21*$G21*Q21 -> 0 | ... BU21: =$D21*$G21*X21 -> 0 | BW21: =$D21*$H21*J21 -> 0 | BX21: =$D21*$H21*K21 -> 0 | BY21: =$D21*$H21*L21 -> 0 | BZ21: =$D21*$H21*M21 -> 0 | CA21: =$D21*$H21*N21 -> 0 | CB21: =$D21*$H21*O21 -> 0 | CC21: =$D21*$H21*P21 -> 0 | CD21: =$D21*$H21*Q21 -> 0 | ... CK21: =$D21*$H21*X21 -> 0 | CM21: =$D21*$I21*J21 -> 0 | CN21: =$D21*$I21*K21 -> 0 | CO21: =$D21*$I21*L21 -> 0 | CP21: =$D21*$I21*M21 -> 0 | CQ21: =$D21*$I21*N21 -> 0 | CR21: =$D21*$I21*O21 -> 0 | CS21: =$D21*$I21*P21 -> 0 | CT21: =$D21*$I21*Q21 -> 0 | ... DA21: =$D21*$I21*X21 -> 0
A22: 3.2 | B22: Zero Crossing Detector | C22: Th | D22: 1 | E22: 1 | G22: 1 | J22: 1 | K22: 1 | L22: 1 | V22: 1 | W22: 1 | AA22: =$D22*$E22*J22 -> 1 | AB22: =$D22*$E22*K22 -> 1 | AC22: =$D22*$E22*L22 -> 1 | AD22: =$D22*$E22*M22 -> 0 | AE22: =$D22*$E22*N22 -> 0 | AF22: =$D22*$E22*O22 -> 0 | AG22: =$D22*$E22*P22 -> 0 | AH22: =$D22*$E22*Q22 -> 0 | ... AO22: =$D22*$E22*X22 -> 0 | AQ22: =$D22*$F22*J22 -> 0 | AR22: =$D22*$F22*K22 -> 0 | AS22: =$D22*$F22*L22 -> 0 | AT22: =$D22*$F22*M22 -> 0 | AU22: =$D22*$F22*N22 -> 0 | AV22: =$D22*$F22*O22 -> 0 | AW22: =$D22*$F22*P22 -> 0 | AX22: =$D22*$F22*Q22 -> 0 | ... BE22: =$D22*$F22*X22 -> 0 | BG22: =$D22*$G22*J22 -> 1 | BH22: =$D22*$G22*K22 -> 1 | BI22: =$D22*$G22*L22 -> 1 | BJ22: =$D22*$G22*M22 -> 0 | BK22: =$D22*$G22*N22 -> 0 | BL22: =$D22*$G22*O22 -> 0 | BM22: =$D22*$G22*P22 -> 0 | BN22: =$D22*$G22*Q22 -> 0 | ... BU22: =$D22*$G22*X22 -> 0 | BW22: =$D22*$H22*J22 -> 0 | BX22: =$D22*$H22*K22 -> 0 | BY22: =$D22*$H22*L22 -> 0 | BZ22: =$D22*$H22*M22 -> 0 | CA22: =$D22*$H22*N22 -> 0 | CB22: =$D22*$H22*O22 -> 0 | CC22: =$D22*$H22*P22 -> 0 | CD22: =$D22*$H22*Q22 -> 0 | ... CK22: =$D22*$H22*X22 -> 0 | CM22: =$D22*$I22*J22 -> 0 | CN22: =$D22*$I22*K22 -> 0 | CO22: =$D22*$I22*L22 -> 0 | CP22: =$D22*$I22*M22 -> 0 | CQ22: =$D22*$I22*N22 -> 0 | CR22: =$D22*$I22*O22 -> 0 | CS22: =$D22*$I22*P22 -> 0 | CT22: =$D22*$I22*Q22 -> 0 | ... DA22: =$D22*$I22*X22 -> 0
A23: 3.3 | B23: Square-wave generators | C23: Th | D23: 1 | E23: 1 | G23: 1 | J23: 1 | K23: 1 | L23: 1 | M23: 1 | N23: 1 | Q23: 1 | S23: 1 | T23: 1 | U23: 1 | V23: 1 | W23: 1 | AA23: =$D23*$E23*J23 -> 1 | AB23: =$D23*$E23*K23 -> 1 | AC23: =$D23*$E23*L23 -> 1 | AD23: =$D23*$E23*M23 -> 1 | AE23: =$D23*$E23*N23 -> 1 | AF23: =$D23*$E23*O23 -> 0 | AG23: =$D23*$E23*P23 -> 0 | AH23: =$D23*$E23*Q23 -> 1 | ... AO23: =$D23*$E23*X23 -> 0 | AQ23: =$D23*$F23*J23 -> 0 | AR23: =$D23*$F23*K23 -> 0 | AS23: =$D23*$F23*L23 -> 0 | AT23: =$D23*$F23*M23 -> 0 | AU23: =$D23*$F23*N23 -> 0 | AV23: =$D23*$F23*O23 -> 0 | AW23: =$D23*$F23*P23 -> 0 | AX23: =$D23*$F23*Q23 -> 0 | ... BE23: =$D23*$F23*X23 -> 0 | BG23: =$D23*$G23*J23 -> 1 | BH23: =$D23*$G23*K23 -> 1 | BI23: =$D23*$G23*L23 -> 1 | BJ23: =$D23*$G23*M23 -> 1 | BK23: =$D23*$G23*N23 -> 1 | BL23: =$D23*$G23*O23 -> 0 | BM23: =$D23*$G23*P23 -> 0 | BN23: =$D23*$G23*Q23 -> 1 | ... BU23: =$D23*$G23*X23 -> 0 | BW23: =$D23*$H23*J23 -> 0 | BX23: =$D23*$H23*K23 -> 0 | BY23: =$D23*$H23*L23 -> 0 | BZ23: =$D23*$H23*M23 -> 0 | CA23: =$D23*$H23*N23 -> 0 | CB23: =$D23*$H23*O23 -> 0 | CC23: =$D23*$H23*P23 -> 0 | CD23: =$D23*$H23*Q23 -> 0 | ... CK23: =$D23*$H23*X23 -> 0 | CM23: =$D23*$I23*J23 -> 0 | CN23: =$D23*$I23*K23 -> 0 | CO23: =$D23*$I23*L23 -> 0 | CP23: =$D23*$I23*M23 -> 0 | CQ23: =$D23*$I23*N23 -> 0 | CR23: =$D23*$I23*O23 -> 0 | CS23: =$D23*$I23*P23 -> 0 | CT23: =$D23*$I23*Q23 -> 0 | ... DA23: =$D23*$I23*X23 -> 0
A24: 3.4 | B24: Triangular-wave generators | C24: Th | D24: 1 | E24: 1 | G24: 1 | J24: 1 | K24: 1 | L24: 1 | M24: 1 | N24: 1 | Q24: 1 | S24: 1 | T24: 1 | V24: 1 | W24: 1 | AA24: =$D24*$E24*J24 -> 1 | AB24: =$D24*$E24*K24 -> 1 | AC24: =$D24*$E24*L24 -> 1 | AD24: =$D24*$E24*M24 -> 1 | AE24: =$D24*$E24*N24 -> 1 | AF24: =$D24*$E24*O24 -> 0 | AG24: =$D24*$E24*P24 -> 0 | AH24: =$D24*$E24*Q24 -> 1 | ... AO24: =$D24*$E24*X24 -> 0 | AQ24: =$D24*$F24*J24 -> 0 | AR24: =$D24*$F24*K24 -> 0 | AS24: =$D24*$F24*L24 -> 0 | AT24: =$D24*$F24*M24 -> 0 | AU24: =$D24*$F24*N24 -> 0 | AV24: =$D24*$F24*O24 -> 0 | AW24: =$D24*$F24*P24 -> 0 | AX24: =$D24*$F24*Q24 -> 0 | ... BE24: =$D24*$F24*X24 -> 0 | BG24: =$D24*$G24*J24 -> 1 | BH24: =$D24*$G24*K24 -> 1 | BI24: =$D24*$G24*L24 -> 1 | BJ24: =$D24*$G24*M24 -> 1 | BK24: =$D24*$G24*N24 -> 1 | BL24: =$D24*$G24*O24 -> 0 | BM24: =$D24*$G24*P24 -> 0 | BN24: =$D24*$G24*Q24 -> 1 | ... BU24: =$D24*$G24*X24 -> 0 | BW24: =$D24*$H24*J24 -> 0 | BX24: =$D24*$H24*K24 -> 0 | BY24: =$D24*$H24*L24 -> 0 | BZ24: =$D24*$H24*M24 -> 0 | CA24: =$D24*$H24*N24 -> 0 | CB24: =$D24*$H24*O24 -> 0 | CC24: =$D24*$H24*P24 -> 0 | CD24: =$D24*$H24*Q24 -> 0 | ... CK24: =$D24*$H24*X24 -> 0 | CM24: =$D24*$I24*J24 -> 0 | CN24: =$D24*$I24*K24 -> 0 | CO24: =$D24*$I24*L24 -> 0 | CP24: =$D24*$I24*M24 -> 0 | CQ24: =$D24*$I24*N24 -> 0 | CR24: =$D24*$I24*O24 -> 0 | CS24: =$D24*$I24*P24 -> 0 | CT24: =$D24*$I24*Q24 -> 0 | ... DA24: =$D24*$I24*X24 -> 0
A25: 3.5 | B25: Precision rectifier | C25: Th | D25: 1 | E25: 1 | G25: 1 | J25: 1 | K25: 1 | L25: 1 | V25: 1 | W25: 1 | AA25: =$D25*$E25*J25 -> 1 | AB25: =$D25*$E25*K25 -> 1 | AC25: =$D25*$E25*L25 -> 1 | AD25: =$D25*$E25*M25 -> 0 | AE25: =$D25*$E25*N25 -> 0 | AF25: =$D25*$E25*O25 -> 0 | AG25: =$D25*$E25*P25 -> 0 | AH25: =$D25*$E25*Q25 -> 0 | ... AO25: =$D25*$E25*X25 -> 0 | AQ25: =$D25*$F25*J25 -> 0 | AR25: =$D25*$F25*K25 -> 0 | AS25: =$D25*$F25*L25 -> 0 | AT25: =$D25*$F25*M25 -> 0 | AU25: =$D25*$F25*N25 -> 0 | AV25: =$D25*$F25*O25 -> 0 | AW25: =$D25*$F25*P25 -> 0 | AX25: =$D25*$F25*Q25 -> 0 | ... BE25: =$D25*$F25*X25 -> 0 | BG25: =$D25*$G25*J25 -> 1 | BH25: =$D25*$G25*K25 -> 1 | BI25: =$D25*$G25*L25 -> 1 | BJ25: =$D25*$G25*M25 -> 0 | BK25: =$D25*$G25*N25 -> 0 | BL25: =$D25*$G25*O25 -> 0 | BM25: =$D25*$G25*P25 -> 0 | BN25: =$D25*$G25*Q25 -> 0 | ... BU25: =$D25*$G25*X25 -> 0 | BW25: =$D25*$H25*J25 -> 0 | BX25: =$D25*$H25*K25 -> 0 | BY25: =$D25*$H25*L25 -> 0 | BZ25: =$D25*$H25*M25 -> 0 | CA25: =$D25*$H25*N25 -> 0 | CB25: =$D25*$H25*O25 -> 0 | CC25: =$D25*$H25*P25 -> 0 | CD25: =$D25*$H25*Q25 -> 0 | ... CK25: =$D25*$H25*X25 -> 0 | CM25: =$D25*$I25*J25 -> 0 | CN25: =$D25*$I25*K25 -> 0 | CO25: =$D25*$I25*L25 -> 0 | CP25: =$D25*$I25*M25 -> 0 | CQ25: =$D25*$I25*N25 -> 0 | CR25: =$D25*$I25*O25 -> 0 | CS25: =$D25*$I25*P25 -> 0 | CT25: =$D25*$I25*Q25 -> 0 | ... DA25: =$D25*$I25*X25 -> 0
A26: 3.6 | B26: Peak detector | C26: Th | D26: 1 | E26: 1 | G26: 1 | J26: 1 | K26: 1 | L26: 1 | V26: 1 | W26: 1 | AA26: =$D26*$E26*J26 -> 1 | AB26: =$D26*$E26*K26 -> 1 | AC26: =$D26*$E26*L26 -> 1 | AD26: =$D26*$E26*M26 -> 0 | AE26: =$D26*$E26*N26 -> 0 | AF26: =$D26*$E26*O26 -> 0 | AG26: =$D26*$E26*P26 -> 0 | AH26: =$D26*$E26*Q26 -> 0 | ... AO26: =$D26*$E26*X26 -> 0 | AQ26: =$D26*$F26*J26 -> 0 | AR26: =$D26*$F26*K26 -> 0 | AS26: =$D26*$F26*L26 -> 0 | AT26: =$D26*$F26*M26 -> 0 | AU26: =$D26*$F26*N26 -> 0 | AV26: =$D26*$F26*O26 -> 0 | AW26: =$D26*$F26*P26 -> 0 | AX26: =$D26*$F26*Q26 -> 0 | ... BE26: =$D26*$F26*X26 -> 0 | BG26: =$D26*$G26*J26 -> 1 | BH26: =$D26*$G26*K26 -> 1 | BI26: =$D26*$G26*L26 -> 1 | BJ26: =$D26*$G26*M26 -> 0 | BK26: =$D26*$G26*N26 -> 0 | BL26: =$D26*$G26*O26 -> 0 | BM26: =$D26*$G26*P26 -> 0 | BN26: =$D26*$G26*Q26 -> 0 | ... BU26: =$D26*$G26*X26 -> 0 | BW26: =$D26*$H26*J26 -> 0 | BX26: =$D26*$H26*K26 -> 0 | BY26: =$D26*$H26*L26 -> 0 | BZ26: =$D26*$H26*M26 -> 0 | CA26: =$D26*$H26*N26 -> 0 | CB26: =$D26*$H26*O26 -> 0 | CC26: =$D26*$H26*P26 -> 0 | CD26: =$D26*$H26*Q26 -> 0 | ... CK26: =$D26*$H26*X26 -> 0 | CM26: =$D26*$I26*J26 -> 0 | CN26: =$D26*$I26*K26 -> 0 | CO26: =$D26*$I26*L26 -> 0 | CP26: =$D26*$I26*M26 -> 0 | CQ26: =$D26*$I26*N26 -> 0 | CR26: =$D26*$I26*O26 -> 0 | CS26: =$D26*$I26*P26 -> 0 | CT26: =$D26*$I26*Q26 -> 0 | ... DA26: =$D26*$I26*X26 -> 0
A27: Unit 4 | B27: Combinational Digital Circuits | AA27: =$D27*$E27*J27 -> 0 | AB27: =$D27*$E27*K27 -> 0 | AC27: =$D27*$E27*L27 -> 0 | AD27: =$D27*$E27*M27 -> 0 | AE27: =$D27*$E27*N27 -> 0 | AF27: =$D27*$E27*O27 -> 0 | AG27: =$D27*$E27*P27 -> 0 | AH27: =$D27*$E27*Q27 -> 0 | ... AO27: =$D27*$E27*X27 -> 0 | AQ27: =$D27*$F27*J27 -> 0 | AR27: =$D27*$F27*K27 -> 0 | AS27: =$D27*$F27*L27 -> 0 | AT27: =$D27*$F27*M27 -> 0 | AU27: =$D27*$F27*N27 -> 0 | AV27: =$D27*$F27*O27 -> 0 | AW27: =$D27*$F27*P27 -> 0 | AX27: =$D27*$F27*Q27 -> 0 | ... BE27: =$D27*$F27*X27 -> 0 | BG27: =$D27*$G27*J27 -> 0 | BH27: =$D27*$G27*K27 -> 0 | BI27: =$D27*$G27*L27 -> 0 | BJ27: =$D27*$G27*M27 -> 0 | BK27: =$D27*$G27*N27 -> 0 | BL27: =$D27*$G27*O27 -> 0 | BM27: =$D27*$G27*P27 -> 0 | BN27: =$D27*$G27*Q27 -> 0 | ... BU27: =$D27*$G27*X27 -> 0 | BW27: =$D27*$H27*J27 -> 0 | BX27: =$D27*$H27*K27 -> 0 | BY27: =$D27*$H27*L27 -> 0 | BZ27: =$D27*$H27*M27 -> 0 | CA27: =$D27*$H27*N27 -> 0 | CB27: =$D27*$H27*O27 -> 0 | CC27: =$D27*$H27*P27 -> 0 | CD27: =$D27*$H27*Q27 -> 0 | ... CK27: =$D27*$H27*X27 -> 0 | CM27: =$D27*$I27*J27 -> 0 | CN27: =$D27*$I27*K27 -> 0 | CO27: =$D27*$I27*L27 -> 0 | CP27: =$D27*$I27*M27 -> 0 | CQ27: =$D27*$I27*N27 -> 0 | CR27: =$D27*$I27*O27 -> 0 | CS27: =$D27*$I27*P27 -> 0 | CT27: =$D27*$I27*Q27 -> 0 | ... DA27: =$D27*$I27*X27 -> 0
A28: 4.1 | B28: Standard Representation for Logic Functions | C28: Th | D28: 1 | E28: 1 | H28: 1 | J28: 1 | K28: 1 | L28: 1 | U28: 1 | V28: 1 | AA28: =$D28*$E28*J28 -> 1 | AB28: =$D28*$E28*K28 -> 1 | AC28: =$D28*$E28*L28 -> 1 | AD28: =$D28*$E28*M28 -> 0 | AE28: =$D28*$E28*N28 -> 0 | AF28: =$D28*$E28*O28 -> 0 | AG28: =$D28*$E28*P28 -> 0 | AH28: =$D28*$E28*Q28 -> 0 | ... AO28: =$D28*$E28*X28 -> 0 | AQ28: =$D28*$F28*J28 -> 0 | AR28: =$D28*$F28*K28 -> 0 | AS28: =$D28*$F28*L28 -> 0 | AT28: =$D28*$F28*M28 -> 0 | AU28: =$D28*$F28*N28 -> 0 | AV28: =$D28*$F28*O28 -> 0 | AW28: =$D28*$F28*P28 -> 0 | AX28: =$D28*$F28*Q28 -> 0 | ... BE28: =$D28*$F28*X28 -> 0 | BG28: =$D28*$G28*J28 -> 0 | BH28: =$D28*$G28*K28 -> 0 | BI28: =$D28*$G28*L28 -> 0 | BJ28: =$D28*$G28*M28 -> 0 | BK28: =$D28*$G28*N28 -> 0 | BL28: =$D28*$G28*O28 -> 0 | BM28: =$D28*$G28*P28 -> 0 | BN28: =$D28*$G28*Q28 -> 0 | ... BU28: =$D28*$G28*X28 -> 0 | BW28: =$D28*$H28*J28 -> 1 | BX28: =$D28*$H28*K28 -> 1 | BY28: =$D28*$H28*L28 -> 1 | BZ28: =$D28*$H28*M28 -> 0 | CA28: =$D28*$H28*N28 -> 0 | CB28: =$D28*$H28*O28 -> 0 | CC28: =$D28*$H28*P28 -> 0 | CD28: =$D28*$H28*Q28 -> 0 | ... CK28: =$D28*$H28*X28 -> 0 | CM28: =$D28*$I28*J28 -> 0 | CN28: =$D28*$I28*K28 -> 0 | CO28: =$D28*$I28*L28 -> 0 | CP28: =$D28*$I28*M28 -> 0 | CQ28: =$D28*$I28*N28 -> 0 | CR28: =$D28*$I28*O28 -> 0 | CS28: =$D28*$I28*P28 -> 0 | CT28: =$D28*$I28*Q28 -> 0 | ... DA28: =$D28*$I28*X28 -> 0
A29: 4.2 | B29: Simplification of Logic Functions using K-map and Boolean Algebra | C29: Th | D29: 1 | E29: 1 | H29: 1 | J29: 1 | K29: 1 | L29: 1 | M29: 1 | N29: 1 | V29: 1 | W29: 1 | AA29: =$D29*$E29*J29 -> 1 | AB29: =$D29*$E29*K29 -> 1 | AC29: =$D29*$E29*L29 -> 1 | AD29: =$D29*$E29*M29 -> 1 | AE29: =$D29*$E29*N29 -> 1 | AF29: =$D29*$E29*O29 -> 0 | AG29: =$D29*$E29*P29 -> 0 | AH29: =$D29*$E29*Q29 -> 0 | ... AO29: =$D29*$E29*X29 -> 0 | AQ29: =$D29*$F29*J29 -> 0 | AR29: =$D29*$F29*K29 -> 0 | AS29: =$D29*$F29*L29 -> 0 | AT29: =$D29*$F29*M29 -> 0 | AU29: =$D29*$F29*N29 -> 0 | AV29: =$D29*$F29*O29 -> 0 | AW29: =$D29*$F29*P29 -> 0 | AX29: =$D29*$F29*Q29 -> 0 | ... BE29: =$D29*$F29*X29 -> 0 | BG29: =$D29*$G29*J29 -> 0 | BH29: =$D29*$G29*K29 -> 0 | BI29: =$D29*$G29*L29 -> 0 | BJ29: =$D29*$G29*M29 -> 0 | BK29: =$D29*$G29*N29 -> 0 | BL29: =$D29*$G29*O29 -> 0 | BM29: =$D29*$G29*P29 -> 0 | BN29: =$D29*$G29*Q29 -> 0 | ... BU29: =$D29*$G29*X29 -> 0 | BW29: =$D29*$H29*J29 -> 1 | BX29: =$D29*$H29*K29 -> 1 | BY29: =$D29*$H29*L29 -> 1 | BZ29: =$D29*$H29*M29 -> 1 | CA29: =$D29*$H29*N29 -> 1 | CB29: =$D29*$H29*O29 -> 0 | CC29: =$D29*$H29*P29 -> 0 | CD29: =$D29*$H29*Q29 -> 0 | ... CK29: =$D29*$H29*X29 -> 0 | CM29: =$D29*$I29*J29 -> 0 | CN29: =$D29*$I29*K29 -> 0 | CO29: =$D29*$I29*L29 -> 0 | CP29: =$D29*$I29*M29 -> 0 | CQ29: =$D29*$I29*N29 -> 0 | CR29: =$D29*$I29*O29 -> 0 | CS29: =$D29*$I29*P29 -> 0 | CT29: =$D29*$I29*Q29 -> 0 | ... DA29: =$D29*$I29*X29 -> 0
A30: 4.3 | B30: Don’t Care Conditions | C30: Th | D30: 1 | E30: 1 | H30: 1 | J30: 1 | K30: 1 | L30: 1 | M30: 1 | N30: 1 | V30: 1 | W30: 1 | AA30: =$D30*$E30*J30 -> 1 | AB30: =$D30*$E30*K30 -> 1 | AC30: =$D30*$E30*L30 -> 1 | AD30: =$D30*$E30*M30 -> 1 | AE30: =$D30*$E30*N30 -> 1 | AF30: =$D30*$E30*O30 -> 0 | AG30: =$D30*$E30*P30 -> 0 | AH30: =$D30*$E30*Q30 -> 0 | ... AO30: =$D30*$E30*X30 -> 0 | AQ30: =$D30*$F30*J30 -> 0 | AR30: =$D30*$F30*K30 -> 0 | AS30: =$D30*$F30*L30 -> 0 | AT30: =$D30*$F30*M30 -> 0 | AU30: =$D30*$F30*N30 -> 0 | AV30: =$D30*$F30*O30 -> 0 | AW30: =$D30*$F30*P30 -> 0 | AX30: =$D30*$F30*Q30 -> 0 | ... BE30: =$D30*$F30*X30 -> 0 | BG30: =$D30*$G30*J30 -> 0 | BH30: =$D30*$G30*K30 -> 0 | BI30: =$D30*$G30*L30 -> 0 | BJ30: =$D30*$G30*M30 -> 0 | BK30: =$D30*$G30*N30 -> 0 | BL30: =$D30*$G30*O30 -> 0 | BM30: =$D30*$G30*P30 -> 0 | BN30: =$D30*$G30*Q30 -> 0 | ... BU30: =$D30*$G30*X30 -> 0 | BW30: =$D30*$H30*J30 -> 1 | BX30: =$D30*$H30*K30 -> 1 | BY30: =$D30*$H30*L30 -> 1 | BZ30: =$D30*$H30*M30 -> 1 | CA30: =$D30*$H30*N30 -> 1 | CB30: =$D30*$H30*O30 -> 0 | CC30: =$D30*$H30*P30 -> 0 | CD30: =$D30*$H30*Q30 -> 0 | ... CK30: =$D30*$H30*X30 -> 0 | CM30: =$D30*$I30*J30 -> 0 | CN30: =$D30*$I30*K30 -> 0 | CO30: =$D30*$I30*L30 -> 0 | CP30: =$D30*$I30*M30 -> 0 | CQ30: =$D30*$I30*N30 -> 0 | CR30: =$D30*$I30*O30 -> 0 | CS30: =$D30*$I30*P30 -> 0 | CT30: =$D30*$I30*Q30 -> 0 | ... DA30: =$D30*$I30*X30 -> 0
A31: 4.4 | B31: Multiplexer, De-Multiplexer / Decoders | C31: Th | D31: 1 | E31: 1 | H31: 1 | J31: 1 | K31: 1 | L31: 1 | M31: 1 | N31: 1 | Q31: 1 | V31: 1 | X31: 1 | AA31: =$D31*$E31*J31 -> 1 | AB31: =$D31*$E31*K31 -> 1 | AC31: =$D31*$E31*L31 -> 1 | AD31: =$D31*$E31*M31 -> 1 | AE31: =$D31*$E31*N31 -> 1 | AF31: =$D31*$E31*O31 -> 0 | AG31: =$D31*$E31*P31 -> 0 | AH31: =$D31*$E31*Q31 -> 1 | ... AO31: =$D31*$E31*X31 -> 1 | AQ31: =$D31*$F31*J31 -> 0 | AR31: =$D31*$F31*K31 -> 0 | AS31: =$D31*$F31*L31 -> 0 | AT31: =$D31*$F31*M31 -> 0 | AU31: =$D31*$F31*N31 -> 0 | AV31: =$D31*$F31*O31 -> 0 | AW31: =$D31*$F31*P31 -> 0 | AX31: =$D31*$F31*Q31 -> 0 | ... BE31: =$D31*$F31*X31 -> 0 | BG31: =$D31*$G31*J31 -> 0 | BH31: =$D31*$G31*K31 -> 0 | BI31: =$D31*$G31*L31 -> 0 | BJ31: =$D31*$G31*M31 -> 0 | BK31: =$D31*$G31*N31 -> 0 | BL31: =$D31*$G31*O31 -> 0 | BM31: =$D31*$G31*P31 -> 0 | BN31: =$D31*$G31*Q31 -> 0 | ... BU31: =$D31*$G31*X31 -> 0 | BW31: =$D31*$H31*J31 -> 1 | BX31: =$D31*$H31*K31 -> 1 | BY31: =$D31*$H31*L31 -> 1 | BZ31: =$D31*$H31*M31 -> 1 | CA31: =$D31*$H31*N31 -> 1 | CB31: =$D31*$H31*O31 -> 0 | CC31: =$D31*$H31*P31 -> 0 | CD31: =$D31*$H31*Q31 -> 1 | ... CK31: =$D31*$H31*X31 -> 1 | CM31: =$D31*$I31*J31 -> 0 | CN31: =$D31*$I31*K31 -> 0 | CO31: =$D31*$I31*L31 -> 0 | CP31: =$D31*$I31*M31 -> 0 | CQ31: =$D31*$I31*N31 -> 0 | CR31: =$D31*$I31*O31 -> 0 | CS31: =$D31*$I31*P31 -> 0 | CT31: =$D31*$I31*Q31 -> 0 | ... DA31: =$D31*$I31*X31 -> 0
A32: 4.5 | B32: Adders, Subtractors | C32: Th | D32: 1 | E32: 1 | H32: 1 | J32: 1 | K32: 1 | L32: 1 | M32: 1 | N32: 1 | Q32: 1 | V32: 1 | W32: 1 | AA32: =$D32*$E32*J32 -> 1 | AB32: =$D32*$E32*K32 -> 1 | AC32: =$D32*$E32*L32 -> 1 | AD32: =$D32*$E32*M32 -> 1 | AE32: =$D32*$E32*N32 -> 1 | AF32: =$D32*$E32*O32 -> 0 | AG32: =$D32*$E32*P32 -> 0 | AH32: =$D32*$E32*Q32 -> 1 | ... AO32: =$D32*$E32*X32 -> 0 | AQ32: =$D32*$F32*J32 -> 0 | AR32: =$D32*$F32*K32 -> 0 | AS32: =$D32*$F32*L32 -> 0 | AT32: =$D32*$F32*M32 -> 0 | AU32: =$D32*$F32*N32 -> 0 | AV32: =$D32*$F32*O32 -> 0 | AW32: =$D32*$F32*P32 -> 0 | AX32: =$D32*$F32*Q32 -> 0 | ... BE32: =$D32*$F32*X32 -> 0 | BG32: =$D32*$G32*J32 -> 0 | BH32: =$D32*$G32*K32 -> 0 | BI32: =$D32*$G32*L32 -> 0 | BJ32: =$D32*$G32*M32 -> 0 | BK32: =$D32*$G32*N32 -> 0 | BL32: =$D32*$G32*O32 -> 0 | BM32: =$D32*$G32*P32 -> 0 | BN32: =$D32*$G32*Q32 -> 0 | ... BU32: =$D32*$G32*X32 -> 0 | BW32: =$D32*$H32*J32 -> 1 | BX32: =$D32*$H32*K32 -> 1 | BY32: =$D32*$H32*L32 -> 1 | BZ32: =$D32*$H32*M32 -> 1 | CA32: =$D32*$H32*N32 -> 1 | CB32: =$D32*$H32*O32 -> 0 | CC32: =$D32*$H32*P32 -> 0 | CD32: =$D32*$H32*Q32 -> 1 | ... CK32: =$D32*$H32*X32 -> 0 | CM32: =$D32*$I32*J32 -> 0 | CN32: =$D32*$I32*K32 -> 0 | CO32: =$D32*$I32*L32 -> 0 | CP32: =$D32*$I32*M32 -> 0 | CQ32: =$D32*$I32*N32 -> 0 | CR32: =$D32*$I32*O32 -> 0 | CS32: =$D32*$I32*P32 -> 0 | CT32: =$D32*$I32*Q32 -> 0 | ... DA32: =$D32*$I32*X32 -> 0
A33: 4.6 | B33: BCD Arithmetic, Carry Look Ahead Adder, Serial Adder | C33: Th | D33: 1 | E33: 1 | H33: 1 | J33: 1 | K33: 1 | L33: 1 | M33: 1 | N33: 1 | Q33: 1 | S33: 1 | T33: 1 | V33: 1 | W33: 1 | AA33: =$D33*$E33*J33 -> 1 | AB33: =$D33*$E33*K33 -> 1 | AC33: =$D33*$E33*L33 -> 1 | AD33: =$D33*$E33*M33 -> 1 | AE33: =$D33*$E33*N33 -> 1 | AF33: =$D33*$E33*O33 -> 0 | AG33: =$D33*$E33*P33 -> 0 | AH33: =$D33*$E33*Q33 -> 1 | ... AO33: =$D33*$E33*X33 -> 0 | AQ33: =$D33*$F33*J33 -> 0 | AR33: =$D33*$F33*K33 -> 0 | AS33: =$D33*$F33*L33 -> 0 | AT33: =$D33*$F33*M33 -> 0 | AU33: =$D33*$F33*N33 -> 0 | AV33: =$D33*$F33*O33 -> 0 | AW33: =$D33*$F33*P33 -> 0 | AX33: =$D33*$F33*Q33 -> 0 | ... BE33: =$D33*$F33*X33 -> 0 | BG33: =$D33*$G33*J33 -> 0 | BH33: =$D33*$G33*K33 -> 0 | BI33: =$D33*$G33*L33 -> 0 | BJ33: =$D33*$G33*M33 -> 0 | BK33: =$D33*$G33*N33 -> 0 | BL33: =$D33*$G33*O33 -> 0 | BM33: =$D33*$G33*P33 -> 0 | BN33: =$D33*$G33*Q33 -> 0 | ... BU33: =$D33*$G33*X33 -> 0 | BW33: =$D33*$H33*J33 -> 1 | BX33: =$D33*$H33*K33 -> 1 | BY33: =$D33*$H33*L33 -> 1 | BZ33: =$D33*$H33*M33 -> 1 | CA33: =$D33*$H33*N33 -> 1 | CB33: =$D33*$H33*O33 -> 0 | CC33: =$D33*$H33*P33 -> 0 | CD33: =$D33*$H33*Q33 -> 1 | ... CK33: =$D33*$H33*X33 -> 0 | CM33: =$D33*$I33*J33 -> 0 | CN33: =$D33*$I33*K33 -> 0 | CO33: =$D33*$I33*L33 -> 0 | CP33: =$D33*$I33*M33 -> 0 | CQ33: =$D33*$I33*N33 -> 0 | CR33: =$D33*$I33*O33 -> 0 | CS33: =$D33*$I33*P33 -> 0 | CT33: =$D33*$I33*Q33 -> 0 | ... DA33: =$D33*$I33*X33 -> 0
A34: 4.7 | B34: Digital Comparator, Parity Checker / Generator | C34: Th | D34: 1 | E34: 1 | H34: 1 | J34: 1 | K34: 1 | L34: 1 | M34: 1 | N34: 1 | Q34: 1 | S34: 1 | T34: 1 | U34: 1 | V34: 1 | X34: 1 | AA34: =$D34*$E34*J34 -> 1 | AB34: =$D34*$E34*K34 -> 1 | AC34: =$D34*$E34*L34 -> 1 | AD34: =$D34*$E34*M34 -> 1 | AE34: =$D34*$E34*N34 -> 1 | AF34: =$D34*$E34*O34 -> 0 | AG34: =$D34*$E34*P34 -> 0 | AH34: =$D34*$E34*Q34 -> 1 | ... AO34: =$D34*$E34*X34 -> 1 | AQ34: =$D34*$F34*J34 -> 0 | AR34: =$D34*$F34*K34 -> 0 | AS34: =$D34*$F34*L34 -> 0 | AT34: =$D34*$F34*M34 -> 0 | AU34: =$D34*$F34*N34 -> 0 | AV34: =$D34*$F34*O34 -> 0 | AW34: =$D34*$F34*P34 -> 0 | AX34: =$D34*$F34*Q34 -> 0 | ... BE34: =$D34*$F34*X34 -> 0 | BG34: =$D34*$G34*J34 -> 0 | BH34: =$D34*$G34*K34 -> 0 | BI34: =$D34*$G34*L34 -> 0 | BJ34: =$D34*$G34*M34 -> 0 | BK34: =$D34*$G34*N34 -> 0 | BL34: =$D34*$G34*O34 -> 0 | BM34: =$D34*$G34*P34 -> 0 | BN34: =$D34*$G34*Q34 -> 0 | ... BU34: =$D34*$G34*X34 -> 0 | BW34: =$D34*$H34*J34 -> 1 | BX34: =$D34*$H34*K34 -> 1 | BY34: =$D34*$H34*L34 -> 1 | BZ34: =$D34*$H34*M34 -> 1 | CA34: =$D34*$H34*N34 -> 1 | CB34: =$D34*$H34*O34 -> 0 | CC34: =$D34*$H34*P34 -> 0 | CD34: =$D34*$H34*Q34 -> 1 | ... CK34: =$D34*$H34*X34 -> 1 | CM34: =$D34*$I34*J34 -> 0 | CN34: =$D34*$I34*K34 -> 0 | CO34: =$D34*$I34*L34 -> 0 | CP34: =$D34*$I34*M34 -> 0 | CQ34: =$D34*$I34*N34 -> 0 | CR34: =$D34*$I34*O34 -> 0 | CS34: =$D34*$I34*P34 -> 0 | CT34: =$D34*$I34*Q34 -> 0 | ... DA34: =$D34*$I34*X34 -> 0
A35: 4.8 | B35: Code Converters, Priority Encoders, Decoders / Drivers for Display Devices | C35: Th | D35: 1 | E35: 1 | H35: 1 | J35: 1 | K35: 1 | L35: 1 | M35: 1 | N35: 1 | Q35: 1 | S35: 1 | V35: 1 | X35: 1 | AA35: =$D35*$E35*J35 -> 1 | AB35: =$D35*$E35*K35 -> 1 | AC35: =$D35*$E35*L35 -> 1 | AD35: =$D35*$E35*M35 -> 1 | AE35: =$D35*$E35*N35 -> 1 | AF35: =$D35*$E35*O35 -> 0 | AG35: =$D35*$E35*P35 -> 0 | AH35: =$D35*$E35*Q35 -> 1 | ... AO35: =$D35*$E35*X35 -> 1 | AQ35: =$D35*$F35*J35 -> 0 | AR35: =$D35*$F35*K35 -> 0 | AS35: =$D35*$F35*L35 -> 0 | AT35: =$D35*$F35*M35 -> 0 | AU35: =$D35*$F35*N35 -> 0 | AV35: =$D35*$F35*O35 -> 0 | AW35: =$D35*$F35*P35 -> 0 | AX35: =$D35*$F35*Q35 -> 0 | ... BE35: =$D35*$F35*X35 -> 0 | BG35: =$D35*$G35*J35 -> 0 | BH35: =$D35*$G35*K35 -> 0 | BI35: =$D35*$G35*L35 -> 0 | BJ35: =$D35*$G35*M35 -> 0 | BK35: =$D35*$G35*N35 -> 0 | BL35: =$D35*$G35*O35 -> 0 | BM35: =$D35*$G35*P35 -> 0 | BN35: =$D35*$G35*Q35 -> 0 | ... BU35: =$D35*$G35*X35 -> 0 | BW35: =$D35*$H35*J35 -> 1 | BX35: =$D35*$H35*K35 -> 1 | BY35: =$D35*$H35*L35 -> 1 | BZ35: =$D35*$H35*M35 -> 1 | CA35: =$D35*$H35*N35 -> 1 | CB35: =$D35*$H35*O35 -> 0 | CC35: =$D35*$H35*P35 -> 0 | CD35: =$D35*$H35*Q35 -> 1 | ... CK35: =$D35*$H35*X35 -> 1 | CM35: =$D35*$I35*J35 -> 0 | CN35: =$D35*$I35*K35 -> 0 | CO35: =$D35*$I35*L35 -> 0 | CP35: =$D35*$I35*M35 -> 0 | CQ35: =$D35*$I35*N35 -> 0 | CR35: =$D35*$I35*O35 -> 0 | CS35: =$D35*$I35*P35 -> 0 | CT35: =$D35*$I35*Q35 -> 0 | ... DA35: =$D35*$I35*X35 -> 0
A36: Unit 5 | B36: Sequential circuits and systems | AA36: =$D36*$E36*J36 -> 0 | AB36: =$D36*$E36*K36 -> 0 | AC36: =$D36*$E36*L36 -> 0 | AD36: =$D36*$E36*M36 -> 0 | AE36: =$D36*$E36*N36 -> 0 | AF36: =$D36*$E36*O36 -> 0 | AG36: =$D36*$E36*P36 -> 0 | AH36: =$D36*$E36*Q36 -> 0 | ... AO36: =$D36*$E36*X36 -> 0 | AQ36: =$D36*$F36*J36 -> 0 | AR36: =$D36*$F36*K36 -> 0 | AS36: =$D36*$F36*L36 -> 0 | AT36: =$D36*$F36*M36 -> 0 | AU36: =$D36*$F36*N36 -> 0 | AV36: =$D36*$F36*O36 -> 0 | AW36: =$D36*$F36*P36 -> 0 | AX36: =$D36*$F36*Q36 -> 0 | ... BE36: =$D36*$F36*X36 -> 0 | BG36: =$D36*$G36*J36 -> 0 | BH36: =$D36*$G36*K36 -> 0 | BI36: =$D36*$G36*L36 -> 0 | BJ36: =$D36*$G36*M36 -> 0 | BK36: =$D36*$G36*N36 -> 0 | BL36: =$D36*$G36*O36 -> 0 | BM36: =$D36*$G36*P36 -> 0 | BN36: =$D36*$G36*Q36 -> 0 | ... BU36: =$D36*$G36*X36 -> 0 | BW36: =$D36*$H36*J36 -> 0 | BX36: =$D36*$H36*K36 -> 0 | BY36: =$D36*$H36*L36 -> 0 | BZ36: =$D36*$H36*M36 -> 0 | CA36: =$D36*$H36*N36 -> 0 | CB36: =$D36*$H36*O36 -> 0 | CC36: =$D36*$H36*P36 -> 0 | CD36: =$D36*$H36*Q36 -> 0 | ... CK36: =$D36*$H36*X36 -> 0 | CM36: =$D36*$I36*J36 -> 0 | CN36: =$D36*$I36*K36 -> 0 | CO36: =$D36*$I36*L36 -> 0 | CP36: =$D36*$I36*M36 -> 0 | CQ36: =$D36*$I36*N36 -> 0 | CR36: =$D36*$I36*O36 -> 0 | CS36: =$D36*$I36*P36 -> 0 | CT36: =$D36*$I36*Q36 -> 0 | ... DA36: =$D36*$I36*X36 -> 0
A37: 5.1 | B37: A 1-bit memory, the circuit properties of Bi-stable latch | C37: Th | D37: 1 | E37: 1 | H37: 1 | J37: 1 | K37: 1 | L37: 1 | V37: 1 | AA37: =$D37*$E37*J37 -> 1 | AB37: =$D37*$E37*K37 -> 1 | AC37: =$D37*$E37*L37 -> 1 | AD37: =$D37*$E37*M37 -> 0 | AE37: =$D37*$E37*N37 -> 0 | AF37: =$D37*$E37*O37 -> 0 | AG37: =$D37*$E37*P37 -> 0 | AH37: =$D37*$E37*Q37 -> 0 | ... AO37: =$D37*$E37*X37 -> 0 | AQ37: =$D37*$F37*J37 -> 0 | AR37: =$D37*$F37*K37 -> 0 | AS37: =$D37*$F37*L37 -> 0 | AT37: =$D37*$F37*M37 -> 0 | AU37: =$D37*$F37*N37 -> 0 | AV37: =$D37*$F37*O37 -> 0 | AW37: =$D37*$F37*P37 -> 0 | AX37: =$D37*$F37*Q37 -> 0 | ... BE37: =$D37*$F37*X37 -> 0 | BG37: =$D37*$G37*J37 -> 0 | BH37: =$D37*$G37*K37 -> 0 | BI37: =$D37*$G37*L37 -> 0 | BJ37: =$D37*$G37*M37 -> 0 | BK37: =$D37*$G37*N37 -> 0 | BL37: =$D37*$G37*O37 -> 0 | BM37: =$D37*$G37*P37 -> 0 | BN37: =$D37*$G37*Q37 -> 0 | ... BU37: =$D37*$G37*X37 -> 0 | BW37: =$D37*$H37*J37 -> 1 | BX37: =$D37*$H37*K37 -> 1 | BY37: =$D37*$H37*L37 -> 1 | BZ37: =$D37*$H37*M37 -> 0 | CA37: =$D37*$H37*N37 -> 0 | CB37: =$D37*$H37*O37 -> 0 | CC37: =$D37*$H37*P37 -> 0 | CD37: =$D37*$H37*Q37 -> 0 | ... CK37: =$D37*$H37*X37 -> 0 | CM37: =$D37*$I37*J37 -> 0 | CN37: =$D37*$I37*K37 -> 0 | CO37: =$D37*$I37*L37 -> 0 | CP37: =$D37*$I37*M37 -> 0 | CQ37: =$D37*$I37*N37 -> 0 | CR37: =$D37*$I37*O37 -> 0 | CS37: =$D37*$I37*P37 -> 0 | CT37: =$D37*$I37*Q37 -> 0 | ... DA37: =$D37*$I37*X37 -> 0
A38: 5.2 | B38: Clocked SR flip flop, J- K-T and D types flip-flops | C38: Th | D38: 1 | E38: 1 | H38: 1 | J38: 1 | K38: 1 | L38: 1 | V38: 1 | W38: 1 | AA38: =$D38*$E38*J38 -> 1 | AB38: =$D38*$E38*K38 -> 1 | AC38: =$D38*$E38*L38 -> 1 | AD38: =$D38*$E38*M38 -> 0 | AE38: =$D38*$E38*N38 -> 0 | AF38: =$D38*$E38*O38 -> 0 | AG38: =$D38*$E38*P38 -> 0 | AH38: =$D38*$E38*Q38 -> 0 | ... AO38: =$D38*$E38*X38 -> 0 | AQ38: =$D38*$F38*J38 -> 0 | AR38: =$D38*$F38*K38 -> 0 | AS38: =$D38*$F38*L38 -> 0 | AT38: =$D38*$F38*M38 -> 0 | AU38: =$D38*$F38*N38 -> 0 | AV38: =$D38*$F38*O38 -> 0 | AW38: =$D38*$F38*P38 -> 0 | AX38: =$D38*$F38*Q38 -> 0 | ... BE38: =$D38*$F38*X38 -> 0 | BG38: =$D38*$G38*J38 -> 0 | BH38: =$D38*$G38*K38 -> 0 | BI38: =$D38*$G38*L38 -> 0 | BJ38: =$D38*$G38*M38 -> 0 | BK38: =$D38*$G38*N38 -> 0 | BL38: =$D38*$G38*O38 -> 0 | BM38: =$D38*$G38*P38 -> 0 | BN38: =$D38*$G38*Q38 -> 0 | ... BU38: =$D38*$G38*X38 -> 0 | BW38: =$D38*$H38*J38 -> 1 | BX38: =$D38*$H38*K38 -> 1 | BY38: =$D38*$H38*L38 -> 1 | BZ38: =$D38*$H38*M38 -> 0 | CA38: =$D38*$H38*N38 -> 0 | CB38: =$D38*$H38*O38 -> 0 | CC38: =$D38*$H38*P38 -> 0 | CD38: =$D38*$H38*Q38 -> 0 | ... CK38: =$D38*$H38*X38 -> 0 | CM38: =$D38*$I38*J38 -> 0 | CN38: =$D38*$I38*K38 -> 0 | CO38: =$D38*$I38*L38 -> 0 | CP38: =$D38*$I38*M38 -> 0 | CQ38: =$D38*$I38*N38 -> 0 | CR38: =$D38*$I38*O38 -> 0 | CS38: =$D38*$I38*P38 -> 0 | CT38: =$D38*$I38*Q38 -> 0 | ... DA38: =$D38*$I38*X38 -> 0
A39: 5.3 | B39: Applications of flip-flops | C39: Th | D39: 1 | E39: 1 | H39: 1 | J39: 1 | K39: 1 | L39: 1 | M39: 1 | N39: 1 | S39: 1 | T39: 1 | U39: 1 | V39: 1 | X39: 1 | AA39: =$D39*$E39*J39 -> 1 | AB39: =$D39*$E39*K39 -> 1 | AC39: =$D39*$E39*L39 -> 1 | AD39: =$D39*$E39*M39 -> 1 | AE39: =$D39*$E39*N39 -> 1 | AF39: =$D39*$E39*O39 -> 0 | AG39: =$D39*$E39*P39 -> 0 | AH39: =$D39*$E39*Q39 -> 0 | ... AO39: =$D39*$E39*X39 -> 1 | AQ39: =$D39*$F39*J39 -> 0 | AR39: =$D39*$F39*K39 -> 0 | AS39: =$D39*$F39*L39 -> 0 | AT39: =$D39*$F39*M39 -> 0 | AU39: =$D39*$F39*N39 -> 0 | AV39: =$D39*$F39*O39 -> 0 | AW39: =$D39*$F39*P39 -> 0 | AX39: =$D39*$F39*Q39 -> 0 | ... BE39: =$D39*$F39*X39 -> 0 | BG39: =$D39*$G39*J39 -> 0 | BH39: =$D39*$G39*K39 -> 0 | BI39: =$D39*$G39*L39 -> 0 | BJ39: =$D39*$G39*M39 -> 0 | BK39: =$D39*$G39*N39 -> 0 | BL39: =$D39*$G39*O39 -> 0 | BM39: =$D39*$G39*P39 -> 0 | BN39: =$D39*$G39*Q39 -> 0 | ... BU39: =$D39*$G39*X39 -> 0 | BW39: =$D39*$H39*J39 -> 1 | BX39: =$D39*$H39*K39 -> 1 | BY39: =$D39*$H39*L39 -> 1 | BZ39: =$D39*$H39*M39 -> 1 | CA39: =$D39*$H39*N39 -> 1 | CB39: =$D39*$H39*O39 -> 0 | CC39: =$D39*$H39*P39 -> 0 | CD39: =$D39*$H39*Q39 -> 0 | ... CK39: =$D39*$H39*X39 -> 1 | CM39: =$D39*$I39*J39 -> 0 | CN39: =$D39*$I39*K39 -> 0 | CO39: =$D39*$I39*L39 -> 0 | CP39: =$D39*$I39*M39 -> 0 | CQ39: =$D39*$I39*N39 -> 0 | CR39: =$D39*$I39*O39 -> 0 | CS39: =$D39*$I39*P39 -> 0 | CT39: =$D39*$I39*Q39 -> 0 | ... DA39: =$D39*$I39*X39 -> 0
A40: 5.4 | B40: Shift registers, applications of shift registers | C40: Th | D40: 1 | E40: 1 | H40: 1 | J40: 1 | K40: 1 | L40: 1 | M40: 1 | N40: 1 | S40: 1 | U40: 1 | V40: 1 | X40: 1 | AA40: =$D40*$E40*J40 -> 1 | AB40: =$D40*$E40*K40 -> 1 | AC40: =$D40*$E40*L40 -> 1 | AD40: =$D40*$E40*M40 -> 1 | AE40: =$D40*$E40*N40 -> 1 | AF40: =$D40*$E40*O40 -> 0 | AG40: =$D40*$E40*P40 -> 0 | AH40: =$D40*$E40*Q40 -> 0 | ... AO40: =$D40*$E40*X40 -> 1 | AQ40: =$D40*$F40*J40 -> 0 | AR40: =$D40*$F40*K40 -> 0 | AS40: =$D40*$F40*L40 -> 0 | AT40: =$D40*$F40*M40 -> 0 | AU40: =$D40*$F40*N40 -> 0 | AV40: =$D40*$F40*O40 -> 0 | AW40: =$D40*$F40*P40 -> 0 | AX40: =$D40*$F40*Q40 -> 0 | ... BE40: =$D40*$F40*X40 -> 0 | BG40: =$D40*$G40*J40 -> 0 | BH40: =$D40*$G40*K40 -> 0 | BI40: =$D40*$G40*L40 -> 0 | BJ40: =$D40*$G40*M40 -> 0 | BK40: =$D40*$G40*N40 -> 0 | BL40: =$D40*$G40*O40 -> 0 | BM40: =$D40*$G40*P40 -> 0 | BN40: =$D40*$G40*Q40 -> 0 | ... BU40: =$D40*$G40*X40 -> 0 | BW40: =$D40*$H40*J40 -> 1 | BX40: =$D40*$H40*K40 -> 1 | BY40: =$D40*$H40*L40 -> 1 | BZ40: =$D40*$H40*M40 -> 1 | CA40: =$D40*$H40*N40 -> 1 | CB40: =$D40*$H40*O40 -> 0 | CC40: =$D40*$H40*P40 -> 0 | CD40: =$D40*$H40*Q40 -> 0 | ... CK40: =$D40*$H40*X40 -> 1 | CM40: =$D40*$I40*J40 -> 0 | CN40: =$D40*$I40*K40 -> 0 | CO40: =$D40*$I40*L40 -> 0 | CP40: =$D40*$I40*M40 -> 0 | CQ40: =$D40*$I40*N40 -> 0 | CR40: =$D40*$I40*O40 -> 0 | CS40: =$D40*$I40*P40 -> 0 | CT40: =$D40*$I40*Q40 -> 0 | ... DA40: =$D40*$I40*X40 -> 0
A41: 5.5 | B41: Ring counter, sequence generator, | C41: Th | D41: 1 | E41: 1 | H41: 1 | J41: 1 | K41: 1 | L41: 1 | M41: 1 | N41: 1 | V41: 1 | W41: 1 | AA41: =$D41*$E41*J41 -> 1 | AB41: =$D41*$E41*K41 -> 1 | AC41: =$D41*$E41*L41 -> 1 | AD41: =$D41*$E41*M41 -> 1 | AE41: =$D41*$E41*N41 -> 1 | AF41: =$D41*$E41*O41 -> 0 | AG41: =$D41*$E41*P41 -> 0 | AH41: =$D41*$E41*Q41 -> 0 | ... AO41: =$D41*$E41*X41 -> 0 | AQ41: =$D41*$F41*J41 -> 0 | AR41: =$D41*$F41*K41 -> 0 | AS41: =$D41*$F41*L41 -> 0 | AT41: =$D41*$F41*M41 -> 0 | AU41: =$D41*$F41*N41 -> 0 | AV41: =$D41*$F41*O41 -> 0 | AW41: =$D41*$F41*P41 -> 0 | AX41: =$D41*$F41*Q41 -> 0 | ... BE41: =$D41*$F41*X41 -> 0 | BG41: =$D41*$G41*J41 -> 0 | BH41: =$D41*$G41*K41 -> 0 | BI41: =$D41*$G41*L41 -> 0 | BJ41: =$D41*$G41*M41 -> 0 | BK41: =$D41*$G41*N41 -> 0 | BL41: =$D41*$G41*O41 -> 0 | BM41: =$D41*$G41*P41 -> 0 | BN41: =$D41*$G41*Q41 -> 0 | ... BU41: =$D41*$G41*X41 -> 0 | BW41: =$D41*$H41*J41 -> 1 | BX41: =$D41*$H41*K41 -> 1 | BY41: =$D41*$H41*L41 -> 1 | BZ41: =$D41*$H41*M41 -> 1 | CA41: =$D41*$H41*N41 -> 1 | CB41: =$D41*$H41*O41 -> 0 | CC41: =$D41*$H41*P41 -> 0 | CD41: =$D41*$H41*Q41 -> 0 | ... CK41: =$D41*$H41*X41 -> 0 | CM41: =$D41*$I41*J41 -> 0 | CN41: =$D41*$I41*K41 -> 0 | CO41: =$D41*$I41*L41 -> 0 | CP41: =$D41*$I41*M41 -> 0 | CQ41: =$D41*$I41*N41 -> 0 | CR41: =$D41*$I41*O41 -> 0 | CS41: =$D41*$I41*P41 -> 0 | CT41: =$D41*$I41*Q41 -> 0 | ... DA41: =$D41*$I41*X41 -> 0
A42: 5.6 | B42: Ripple (Asynchronous) counters, | C42: Th | D42: 1 | E42: 1 | H42: 1 | J42: 1 | K42: 1 | L42: 1 | M42: 1 | N42: 1 | V42: 1 | W42: 1 | AA42: =$D42*$E42*J42 -> 1 | AB42: =$D42*$E42*K42 -> 1 | AC42: =$D42*$E42*L42 -> 1 | AD42: =$D42*$E42*M42 -> 1 | AE42: =$D42*$E42*N42 -> 1 | AF42: =$D42*$E42*O42 -> 0 | AG42: =$D42*$E42*P42 -> 0 | AH42: =$D42*$E42*Q42 -> 0 | ... AO42: =$D42*$E42*X42 -> 0 | AQ42: =$D42*$F42*J42 -> 0 | AR42: =$D42*$F42*K42 -> 0 | AS42: =$D42*$F42*L42 -> 0 | AT42: =$D42*$F42*M42 -> 0 | AU42: =$D42*$F42*N42 -> 0 | AV42: =$D42*$F42*O42 -> 0 | AW42: =$D42*$F42*P42 -> 0 | AX42: =$D42*$F42*Q42 -> 0 | ... BE42: =$D42*$F42*X42 -> 0 | BG42: =$D42*$G42*J42 -> 0 | BH42: =$D42*$G42*K42 -> 0 | BI42: =$D42*$G42*L42 -> 0 | BJ42: =$D42*$G42*M42 -> 0 | BK42: =$D42*$G42*N42 -> 0 | BL42: =$D42*$G42*O42 -> 0 | BM42: =$D42*$G42*P42 -> 0 | BN42: =$D42*$G42*Q42 -> 0 | ... BU42: =$D42*$G42*X42 -> 0 | BW42: =$D42*$H42*J42 -> 1 | BX42: =$D42*$H42*K42 -> 1 | BY42: =$D42*$H42*L42 -> 1 | BZ42: =$D42*$H42*M42 -> 1 | CA42: =$D42*$H42*N42 -> 1 | CB42: =$D42*$H42*O42 -> 0 | CC42: =$D42*$H42*P42 -> 0 | CD42: =$D42*$H42*Q42 -> 0 | ... CK42: =$D42*$H42*X42 -> 0 | CM42: =$D42*$I42*J42 -> 0 | CN42: =$D42*$I42*K42 -> 0 | CO42: =$D42*$I42*L42 -> 0 | CP42: =$D42*$I42*M42 -> 0 | CQ42: =$D42*$I42*N42 -> 0 | CR42: =$D42*$I42*O42 -> 0 | CS42: =$D42*$I42*P42 -> 0 | CT42: =$D42*$I42*Q42 -> 0 | ... DA42: =$D42*$I42*X42 -> 0
A43: 5.7 | B43: Synchronous counters, counters design using flip flops, | C43: Th | D43: 1 | E43: 1 | H43: 1 | J43: 1 | K43: 1 | L43: 1 | M43: 1 | N43: 1 | S43: 1 | U43: 1 | V43: 1 | X43: 1 | AA43: =$D43*$E43*J43 -> 1 | AB43: =$D43*$E43*K43 -> 1 | AC43: =$D43*$E43*L43 -> 1 | AD43: =$D43*$E43*M43 -> 1 | AE43: =$D43*$E43*N43 -> 1 | AF43: =$D43*$E43*O43 -> 0 | AG43: =$D43*$E43*P43 -> 0 | AH43: =$D43*$E43*Q43 -> 0 | ... AO43: =$D43*$E43*X43 -> 1 | AQ43: =$D43*$F43*J43 -> 0 | AR43: =$D43*$F43*K43 -> 0 | AS43: =$D43*$F43*L43 -> 0 | AT43: =$D43*$F43*M43 -> 0 | AU43: =$D43*$F43*N43 -> 0 | AV43: =$D43*$F43*O43 -> 0 | AW43: =$D43*$F43*P43 -> 0 | AX43: =$D43*$F43*Q43 -> 0 | ... BE43: =$D43*$F43*X43 -> 0 | BG43: =$D43*$G43*J43 -> 0 | BH43: =$D43*$G43*K43 -> 0 | BI43: =$D43*$G43*L43 -> 0 | BJ43: =$D43*$G43*M43 -> 0 | BK43: =$D43*$G43*N43 -> 0 | BL43: =$D43*$G43*O43 -> 0 | BM43: =$D43*$G43*P43 -> 0 | BN43: =$D43*$G43*Q43 -> 0 | ... BU43: =$D43*$G43*X43 -> 0 | BW43: =$D43*$H43*J43 -> 1 | BX43: =$D43*$H43*K43 -> 1 | BY43: =$D43*$H43*L43 -> 1 | BZ43: =$D43*$H43*M43 -> 1 | CA43: =$D43*$H43*N43 -> 1 | CB43: =$D43*$H43*O43 -> 0 | CC43: =$D43*$H43*P43 -> 0 | CD43: =$D43*$H43*Q43 -> 0 | ... CK43: =$D43*$H43*X43 -> 1 | CM43: =$D43*$I43*J43 -> 0 | CN43: =$D43*$I43*K43 -> 0 | CO43: =$D43*$I43*L43 -> 0 | CP43: =$D43*$I43*M43 -> 0 | CQ43: =$D43*$I43*N43 -> 0 | CR43: =$D43*$I43*O43 -> 0 | CS43: =$D43*$I43*P43 -> 0 | CT43: =$D43*$I43*Q43 -> 0 | ... DA43: =$D43*$I43*X43 -> 0
A44: 5.8 | B44: Special counter IC’s, asynchronous sequential counters, | C44: Th | D44: 1 | E44: 1 | H44: 1 | J44: 1 | K44: 1 | L44: 1 | M44: 1 | V44: 1 | W44: 1 | AA44: =$D44*$E44*J44 -> 1 | AB44: =$D44*$E44*K44 -> 1 | AC44: =$D44*$E44*L44 -> 1 | AD44: =$D44*$E44*M44 -> 1 | AE44: =$D44*$E44*N44 -> 0 | AF44: =$D44*$E44*O44 -> 0 | AG44: =$D44*$E44*P44 -> 0 | AH44: =$D44*$E44*Q44 -> 0 | ... AO44: =$D44*$E44*X44 -> 0 | AQ44: =$D44*$F44*J44 -> 0 | AR44: =$D44*$F44*K44 -> 0 | AS44: =$D44*$F44*L44 -> 0 | AT44: =$D44*$F44*M44 -> 0 | AU44: =$D44*$F44*N44 -> 0 | AV44: =$D44*$F44*O44 -> 0 | AW44: =$D44*$F44*P44 -> 0 | AX44: =$D44*$F44*Q44 -> 0 | ... BE44: =$D44*$F44*X44 -> 0 | BG44: =$D44*$G44*J44 -> 0 | BH44: =$D44*$G44*K44 -> 0 | BI44: =$D44*$G44*L44 -> 0 | BJ44: =$D44*$G44*M44 -> 0 | BK44: =$D44*$G44*N44 -> 0 | BL44: =$D44*$G44*O44 -> 0 | BM44: =$D44*$G44*P44 -> 0 | BN44: =$D44*$G44*Q44 -> 0 | ... BU44: =$D44*$G44*X44 -> 0 | BW44: =$D44*$H44*J44 -> 1 | BX44: =$D44*$H44*K44 -> 1 | BY44: =$D44*$H44*L44 -> 1 | BZ44: =$D44*$H44*M44 -> 1 | CA44: =$D44*$H44*N44 -> 0 | CB44: =$D44*$H44*O44 -> 0 | CC44: =$D44*$H44*P44 -> 0 | CD44: =$D44*$H44*Q44 -> 0 | ... CK44: =$D44*$H44*X44 -> 0 | CM44: =$D44*$I44*J44 -> 0 | CN44: =$D44*$I44*K44 -> 0 | CO44: =$D44*$I44*L44 -> 0 | CP44: =$D44*$I44*M44 -> 0 | CQ44: =$D44*$I44*N44 -> 0 | CR44: =$D44*$I44*O44 -> 0 | CS44: =$D44*$I44*P44 -> 0 | CT44: =$D44*$I44*Q44 -> 0 | ... DA44: =$D44*$I44*X44 -> 0
A45: 5.9 | B45: Applications of counters. | C45: Th | D45: 1 | E45: 1 | H45: 1 | J45: 1 | K45: 1 | L45: 1 | M45: 1 | S45: 1 | T45: 1 | U45: 1 | V45: 1 | X45: 1 | AA45: =$D45*$E45*J45 -> 1 | AB45: =$D45*$E45*K45 -> 1 | AC45: =$D45*$E45*L45 -> 1 | AD45: =$D45*$E45*M45 -> 1 | AE45: =$D45*$E45*N45 -> 0 | AF45: =$D45*$E45*O45 -> 0 | AG45: =$D45*$E45*P45 -> 0 | AH45: =$D45*$E45*Q45 -> 0 | ... AO45: =$D45*$E45*X45 -> 1 | AQ45: =$D45*$F45*J45 -> 0 | AR45: =$D45*$F45*K45 -> 0 | AS45: =$D45*$F45*L45 -> 0 | AT45: =$D45*$F45*M45 -> 0 | AU45: =$D45*$F45*N45 -> 0 | AV45: =$D45*$F45*O45 -> 0 | AW45: =$D45*$F45*P45 -> 0 | AX45: =$D45*$F45*Q45 -> 0 | ... BE45: =$D45*$F45*X45 -> 0 | BG45: =$D45*$G45*J45 -> 0 | BH45: =$D45*$G45*K45 -> 0 | BI45: =$D45*$G45*L45 -> 0 | BJ45: =$D45*$G45*M45 -> 0 | BK45: =$D45*$G45*N45 -> 0 | BL45: =$D45*$G45*O45 -> 0 | BM45: =$D45*$G45*P45 -> 0 | BN45: =$D45*$G45*Q45 -> 0 | ... BU45: =$D45*$G45*X45 -> 0 | BW45: =$D45*$H45*J45 -> 1 | BX45: =$D45*$H45*K45 -> 1 | BY45: =$D45*$H45*L45 -> 1 | BZ45: =$D45*$H45*M45 -> 1 | CA45: =$D45*$H45*N45 -> 0 | CB45: =$D45*$H45*O45 -> 0 | CC45: =$D45*$H45*P45 -> 0 | CD45: =$D45*$H45*Q45 -> 0 | ... CK45: =$D45*$H45*X45 -> 1 | CM45: =$D45*$I45*J45 -> 0 | CN45: =$D45*$I45*K45 -> 0 | CO45: =$D45*$I45*L45 -> 0 | CP45: =$D45*$I45*M45 -> 0 | CQ45: =$D45*$I45*N45 -> 0 | CR45: =$D45*$I45*O45 -> 0 | CS45: =$D45*$I45*P45 -> 0 | CT45: =$D45*$I45*Q45 -> 0 | ... DA45: =$D45*$I45*X45 -> 0
A46: Unit 6 | B46: A/D and D/A Converters | AA46: =$D46*$E46*J46 -> 0 | AB46: =$D46*$E46*K46 -> 0 | AC46: =$D46*$E46*L46 -> 0 | AD46: =$D46*$E46*M46 -> 0 | AE46: =$D46*$E46*N46 -> 0 | AF46: =$D46*$E46*O46 -> 0 | AG46: =$D46*$E46*P46 -> 0 | AH46: =$D46*$E46*Q46 -> 0 | ... AO46: =$D46*$E46*X46 -> 0 | AQ46: =$D46*$F46*J46 -> 0 | AR46: =$D46*$F46*K46 -> 0 | AS46: =$D46*$F46*L46 -> 0 | AT46: =$D46*$F46*M46 -> 0 | AU46: =$D46*$F46*N46 -> 0 | AV46: =$D46*$F46*O46 -> 0 | AW46: =$D46*$F46*P46 -> 0 | AX46: =$D46*$F46*Q46 -> 0 | ... BE46: =$D46*$F46*X46 -> 0 | BG46: =$D46*$G46*J46 -> 0 | BH46: =$D46*$G46*K46 -> 0 | BI46: =$D46*$G46*L46 -> 0 | BJ46: =$D46*$G46*M46 -> 0 | BK46: =$D46*$G46*N46 -> 0 | BL46: =$D46*$G46*O46 -> 0 | BM46: =$D46*$G46*P46 -> 0 | BN46: =$D46*$G46*Q46 -> 0 | ... BU46: =$D46*$G46*X46 -> 0 | BW46: =$D46*$H46*J46 -> 0 | BX46: =$D46*$H46*K46 -> 0 | BY46: =$D46*$H46*L46 -> 0 | BZ46: =$D46*$H46*M46 -> 0 | CA46: =$D46*$H46*N46 -> 0 | CB46: =$D46*$H46*O46 -> 0 | CC46: =$D46*$H46*P46 -> 0 | CD46: =$D46*$H46*Q46 -> 0 | ... CK46: =$D46*$H46*X46 -> 0 | CM46: =$D46*$I46*J46 -> 0 | CN46: =$D46*$I46*K46 -> 0 | CO46: =$D46*$I46*L46 -> 0 | CP46: =$D46*$I46*M46 -> 0 | CQ46: =$D46*$I46*N46 -> 0 | CR46: =$D46*$I46*O46 -> 0 | CS46: =$D46*$I46*P46 -> 0 | CT46: =$D46*$I46*Q46 -> 0 | ... DA46: =$D46*$I46*X46 -> 0
A47: 6.1 | B47: Digital to analog converters: weighted resistor/converter, | C47: Th | D47: 1 | E47: 1 | I47: 1 | J47: 1 | K47: 1 | L47: 1 | V47: 1 | W47: 1 | AA47: =$D47*$E47*J47 -> 1 | AB47: =$D47*$E47*K47 -> 1 | AC47: =$D47*$E47*L47 -> 1 | AD47: =$D47*$E47*M47 -> 0 | AE47: =$D47*$E47*N47 -> 0 | AF47: =$D47*$E47*O47 -> 0 | AG47: =$D47*$E47*P47 -> 0 | AH47: =$D47*$E47*Q47 -> 0 | ... AO47: =$D47*$E47*X47 -> 0 | AQ47: =$D47*$F47*J47 -> 0 | AR47: =$D47*$F47*K47 -> 0 | AS47: =$D47*$F47*L47 -> 0 | AT47: =$D47*$F47*M47 -> 0 | AU47: =$D47*$F47*N47 -> 0 | AV47: =$D47*$F47*O47 -> 0 | AW47: =$D47*$F47*P47 -> 0 | AX47: =$D47*$F47*Q47 -> 0 | ... BE47: =$D47*$F47*X47 -> 0 | BG47: =$D47*$G47*J47 -> 0 | BH47: =$D47*$G47*K47 -> 0 | BI47: =$D47*$G47*L47 -> 0 | BJ47: =$D47*$G47*M47 -> 0 | BK47: =$D47*$G47*N47 -> 0 | BL47: =$D47*$G47*O47 -> 0 | BM47: =$D47*$G47*P47 -> 0 | BN47: =$D47*$G47*Q47 -> 0 | ... BU47: =$D47*$G47*X47 -> 0 | BW47: =$D47*$H47*J47 -> 0 | BX47: =$D47*$H47*K47 -> 0 | BY47: =$D47*$H47*L47 -> 0 | BZ47: =$D47*$H47*M47 -> 0 | CA47: =$D47*$H47*N47 -> 0 | CB47: =$D47*$H47*O47 -> 0 | CC47: =$D47*$H47*P47 -> 0 | CD47: =$D47*$H47*Q47 -> 0 | ... CK47: =$D47*$H47*X47 -> 0 | CM47: =$D47*$I47*J47 -> 1 | CN47: =$D47*$I47*K47 -> 1 | CO47: =$D47*$I47*L47 -> 1 | CP47: =$D47*$I47*M47 -> 0 | CQ47: =$D47*$I47*N47 -> 0 | CR47: =$D47*$I47*O47 -> 0 | CS47: =$D47*$I47*P47 -> 0 | CT47: =$D47*$I47*Q47 -> 0 | ... DA47: =$D47*$I47*X47 -> 0
A48: 6.2 | B48: R-2R Ladder D/A converter, specifications for D/A converters | C48: Th | D48: 1 | E48: 1 | I48: 1 | J48: 1 | K48: 1 | L48: 1 | V48: 1 | W48: 1 | AA48: =$D48*$E48*J48 -> 1 | AB48: =$D48*$E48*K48 -> 1 | AC48: =$D48*$E48*L48 -> 1 | AD48: =$D48*$E48*M48 -> 0 | AE48: =$D48*$E48*N48 -> 0 | AF48: =$D48*$E48*O48 -> 0 | AG48: =$D48*$E48*P48 -> 0 | AH48: =$D48*$E48*Q48 -> 0 | ... AO48: =$D48*$E48*X48 -> 0 | AQ48: =$D48*$F48*J48 -> 0 | AR48: =$D48*$F48*K48 -> 0 | AS48: =$D48*$F48*L48 -> 0 | AT48: =$D48*$F48*M48 -> 0 | AU48: =$D48*$F48*N48 -> 0 | AV48: =$D48*$F48*O48 -> 0 | AW48: =$D48*$F48*P48 -> 0 | AX48: =$D48*$F48*Q48 -> 0 | ... BE48: =$D48*$F48*X48 -> 0 | BG48: =$D48*$G48*J48 -> 0 | BH48: =$D48*$G48*K48 -> 0 | BI48: =$D48*$G48*L48 -> 0 | BJ48: =$D48*$G48*M48 -> 0 | BK48: =$D48*$G48*N48 -> 0 | BL48: =$D48*$G48*O48 -> 0 | BM48: =$D48*$G48*P48 -> 0 | BN48: =$D48*$G48*Q48 -> 0 | ... BU48: =$D48*$G48*X48 -> 0 | BW48: =$D48*$H48*J48 -> 0 | BX48: =$D48*$H48*K48 -> 0 | BY48: =$D48*$H48*L48 -> 0 | BZ48: =$D48*$H48*M48 -> 0 | CA48: =$D48*$H48*N48 -> 0 | CB48: =$D48*$H48*O48 -> 0 | CC48: =$D48*$H48*P48 -> 0 | CD48: =$D48*$H48*Q48 -> 0 | ... CK48: =$D48*$H48*X48 -> 0 | CM48: =$D48*$I48*J48 -> 1 | CN48: =$D48*$I48*K48 -> 1 | CO48: =$D48*$I48*L48 -> 1 | CP48: =$D48*$I48*M48 -> 0 | CQ48: =$D48*$I48*N48 -> 0 | CR48: =$D48*$I48*O48 -> 0 | CS48: =$D48*$I48*P48 -> 0 | CT48: =$D48*$I48*Q48 -> 0 | ... DA48: =$D48*$I48*X48 -> 0
A49: 6.3 | B49: Examples of D/A converter lCs, sample and hold circuit | C49: Th | D49: 1 | E49: 1 | I49: 1 | J49: 1 | K49: 1 | L49: 1 | S49: 1 | T49: 1 | U49: 1 | V49: 1 | W49: 1 | AA49: =$D49*$E49*J49 -> 1 | AB49: =$D49*$E49*K49 -> 1 | AC49: =$D49*$E49*L49 -> 1 | AD49: =$D49*$E49*M49 -> 0 | AE49: =$D49*$E49*N49 -> 0 | AF49: =$D49*$E49*O49 -> 0 | AG49: =$D49*$E49*P49 -> 0 | AH49: =$D49*$E49*Q49 -> 0 | ... AO49: =$D49*$E49*X49 -> 0 | AQ49: =$D49*$F49*J49 -> 0 | AR49: =$D49*$F49*K49 -> 0 | AS49: =$D49*$F49*L49 -> 0 | AT49: =$D49*$F49*M49 -> 0 | AU49: =$D49*$F49*N49 -> 0 | AV49: =$D49*$F49*O49 -> 0 | AW49: =$D49*$F49*P49 -> 0 | AX49: =$D49*$F49*Q49 -> 0 | ... BE49: =$D49*$F49*X49 -> 0 | BG49: =$D49*$G49*J49 -> 0 | BH49: =$D49*$G49*K49 -> 0 | BI49: =$D49*$G49*L49 -> 0 | BJ49: =$D49*$G49*M49 -> 0 | BK49: =$D49*$G49*N49 -> 0 | BL49: =$D49*$G49*O49 -> 0 | BM49: =$D49*$G49*P49 -> 0 | BN49: =$D49*$G49*Q49 -> 0 | ... BU49: =$D49*$G49*X49 -> 0 | BW49: =$D49*$H49*J49 -> 0 | BX49: =$D49*$H49*K49 -> 0 | BY49: =$D49*$H49*L49 -> 0 | BZ49: =$D49*$H49*M49 -> 0 | CA49: =$D49*$H49*N49 -> 0 | CB49: =$D49*$H49*O49 -> 0 | CC49: =$D49*$H49*P49 -> 0 | CD49: =$D49*$H49*Q49 -> 0 | ... CK49: =$D49*$H49*X49 -> 0 | CM49: =$D49*$I49*J49 -> 1 | CN49: =$D49*$I49*K49 -> 1 | CO49: =$D49*$I49*L49 -> 1 | CP49: =$D49*$I49*M49 -> 0 | CQ49: =$D49*$I49*N49 -> 0 | CR49: =$D49*$I49*O49 -> 0 | CS49: =$D49*$I49*P49 -> 0 | CT49: =$D49*$I49*Q49 -> 0 | ... DA49: =$D49*$I49*X49 -> 0
A50: 6.4 | B50: Analog to digital converters: quantization and encoding | C50: Th | D50: 1 | E50: 1 | I50: 1 | J50: 1 | K50: 1 | L50: 1 | V50: 1 | W50: 1 | AA50: =$D50*$E50*J50 -> 1 | AB50: =$D50*$E50*K50 -> 1 | AC50: =$D50*$E50*L50 -> 1 | AD50: =$D50*$E50*M50 -> 0 | AE50: =$D50*$E50*N50 -> 0 | AF50: =$D50*$E50*O50 -> 0 | AG50: =$D50*$E50*P50 -> 0 | AH50: =$D50*$E50*Q50 -> 0 | ... AO50: =$D50*$E50*X50 -> 0 | AQ50: =$D50*$F50*J50 -> 0 | AR50: =$D50*$F50*K50 -> 0 | AS50: =$D50*$F50*L50 -> 0 | AT50: =$D50*$F50*M50 -> 0 | AU50: =$D50*$F50*N50 -> 0 | AV50: =$D50*$F50*O50 -> 0 | AW50: =$D50*$F50*P50 -> 0 | AX50: =$D50*$F50*Q50 -> 0 | ... BE50: =$D50*$F50*X50 -> 0 | BG50: =$D50*$G50*J50 -> 0 | BH50: =$D50*$G50*K50 -> 0 | BI50: =$D50*$G50*L50 -> 0 | BJ50: =$D50*$G50*M50 -> 0 | BK50: =$D50*$G50*N50 -> 0 | BL50: =$D50*$G50*O50 -> 0 | BM50: =$D50*$G50*P50 -> 0 | BN50: =$D50*$G50*Q50 -> 0 | ... BU50: =$D50*$G50*X50 -> 0 | BW50: =$D50*$H50*J50 -> 0 | BX50: =$D50*$H50*K50 -> 0 | BY50: =$D50*$H50*L50 -> 0 | BZ50: =$D50*$H50*M50 -> 0 | CA50: =$D50*$H50*N50 -> 0 | CB50: =$D50*$H50*O50 -> 0 | CC50: =$D50*$H50*P50 -> 0 | CD50: =$D50*$H50*Q50 -> 0 | ... CK50: =$D50*$H50*X50 -> 0 | CM50: =$D50*$I50*J50 -> 1 | CN50: =$D50*$I50*K50 -> 1 | CO50: =$D50*$I50*L50 -> 1 | CP50: =$D50*$I50*M50 -> 0 | CQ50: =$D50*$I50*N50 -> 0 | CR50: =$D50*$I50*O50 -> 0 | CS50: =$D50*$I50*P50 -> 0 | CT50: =$D50*$I50*Q50 -> 0 | ... DA50: =$D50*$I50*X50 -> 0
A51: 6.5 | B51: Parallel comparator A/D converter, successive approximation A/D converter | C51: Th | D51: 1 | E51: 1 | I51: 1 | J51: 1 | K51: 1 | L51: 1 | V51: 1 | W51: 1 | AA51: =$D51*$E51*J51 -> 1 | AB51: =$D51*$E51*K51 -> 1 | AC51: =$D51*$E51*L51 -> 1 | AD51: =$D51*$E51*M51 -> 0 | AE51: =$D51*$E51*N51 -> 0 | AF51: =$D51*$E51*O51 -> 0 | AG51: =$D51*$E51*P51 -> 0 | AH51: =$D51*$E51*Q51 -> 0 | ... AO51: =$D51*$E51*X51 -> 0 | AQ51: =$D51*$F51*J51 -> 0 | AR51: =$D51*$F51*K51 -> 0 | AS51: =$D51*$F51*L51 -> 0 | AT51: =$D51*$F51*M51 -> 0 | AU51: =$D51*$F51*N51 -> 0 | AV51: =$D51*$F51*O51 -> 0 | AW51: =$D51*$F51*P51 -> 0 | AX51: =$D51*$F51*Q51 -> 0 | ... BE51: =$D51*$F51*X51 -> 0 | BG51: =$D51*$G51*J51 -> 0 | BH51: =$D51*$G51*K51 -> 0 | BI51: =$D51*$G51*L51 -> 0 | BJ51: =$D51*$G51*M51 -> 0 | BK51: =$D51*$G51*N51 -> 0 | BL51: =$D51*$G51*O51 -> 0 | BM51: =$D51*$G51*P51 -> 0 | BN51: =$D51*$G51*Q51 -> 0 | ... BU51: =$D51*$G51*X51 -> 0 | BW51: =$D51*$H51*J51 -> 0 | BX51: =$D51*$H51*K51 -> 0 | BY51: =$D51*$H51*L51 -> 0 | BZ51: =$D51*$H51*M51 -> 0 | CA51: =$D51*$H51*N51 -> 0 | CB51: =$D51*$H51*O51 -> 0 | CC51: =$D51*$H51*P51 -> 0 | CD51: =$D51*$H51*Q51 -> 0 | ... CK51: =$D51*$H51*X51 -> 0 | CM51: =$D51*$I51*J51 -> 1 | CN51: =$D51*$I51*K51 -> 1 | CO51: =$D51*$I51*L51 -> 1 | CP51: =$D51*$I51*M51 -> 0 | CQ51: =$D51*$I51*N51 -> 0 | CR51: =$D51*$I51*O51 -> 0 | CS51: =$D51*$I51*P51 -> 0 | CT51: =$D51*$I51*Q51 -> 0 | ... DA51: =$D51*$I51*X51 -> 0
A52: 6.6 | B52: Counting A/D converter, dual slope A/D converter | C52: Th | D52: 1 | E52: 1 | I52: 1 | J52: 1 | K52: 1 | L52: 1 | V52: 1 | W52: 1 | AA52: =$D52*$E52*J52 -> 1 | AB52: =$D52*$E52*K52 -> 1 | AC52: =$D52*$E52*L52 -> 1 | AD52: =$D52*$E52*M52 -> 0 | AE52: =$D52*$E52*N52 -> 0 | AF52: =$D52*$E52*O52 -> 0 | AG52: =$D52*$E52*P52 -> 0 | AH52: =$D52*$E52*Q52 -> 0 | ... AO52: =$D52*$E52*X52 -> 0 | AQ52: =$D52*$F52*J52 -> 0 | AR52: =$D52*$F52*K52 -> 0 | AS52: =$D52*$F52*L52 -> 0 | AT52: =$D52*$F52*M52 -> 0 | AU52: =$D52*$F52*N52 -> 0 | AV52: =$D52*$F52*O52 -> 0 | AW52: =$D52*$F52*P52 -> 0 | AX52: =$D52*$F52*Q52 -> 0 | ... BE52: =$D52*$F52*X52 -> 0 | BG52: =$D52*$G52*J52 -> 0 | BH52: =$D52*$G52*K52 -> 0 | BI52: =$D52*$G52*L52 -> 0 | BJ52: =$D52*$G52*M52 -> 0 | BK52: =$D52*$G52*N52 -> 0 | BL52: =$D52*$G52*O52 -> 0 | BM52: =$D52*$G52*P52 -> 0 | BN52: =$D52*$G52*Q52 -> 0 | ... BU52: =$D52*$G52*X52 -> 0 | BW52: =$D52*$H52*J52 -> 0 | BX52: =$D52*$H52*K52 -> 0 | BY52: =$D52*$H52*L52 -> 0 | BZ52: =$D52*$H52*M52 -> 0 | CA52: =$D52*$H52*N52 -> 0 | CB52: =$D52*$H52*O52 -> 0 | CC52: =$D52*$H52*P52 -> 0 | CD52: =$D52*$H52*Q52 -> 0 | ... CK52: =$D52*$H52*X52 -> 0 | CM52: =$D52*$I52*J52 -> 1 | CN52: =$D52*$I52*K52 -> 1 | CO52: =$D52*$I52*L52 -> 1 | CP52: =$D52*$I52*M52 -> 0 | CQ52: =$D52*$I52*N52 -> 0 | CR52: =$D52*$I52*O52 -> 0 | CS52: =$D52*$I52*P52 -> 0 | CT52: =$D52*$I52*Q52 -> 0 | ... DA52: =$D52*$I52*X52 -> 0
A53: 6.7 | B53: A/D converter using voltage to frequency and voltage to time conversion | C53: Th | D53: 1 | E53: 1 | I53: 1 | J53: 1 | K53: 1 | L53: 1 | V53: 1 | W53: 1 | AA53: =$D53*$E53*J53 -> 1 | AB53: =$D53*$E53*K53 -> 1 | AC53: =$D53*$E53*L53 -> 1 | AD53: =$D53*$E53*M53 -> 0 | AE53: =$D53*$E53*N53 -> 0 | AF53: =$D53*$E53*O53 -> 0 | AG53: =$D53*$E53*P53 -> 0 | AH53: =$D53*$E53*Q53 -> 0 | ... AO53: =$D53*$E53*X53 -> 0 | AQ53: =$D53*$F53*J53 -> 0 | AR53: =$D53*$F53*K53 -> 0 | AS53: =$D53*$F53*L53 -> 0 | AT53: =$D53*$F53*M53 -> 0 | AU53: =$D53*$F53*N53 -> 0 | AV53: =$D53*$F53*O53 -> 0 | AW53: =$D53*$F53*P53 -> 0 | AX53: =$D53*$F53*Q53 -> 0 | ... BE53: =$D53*$F53*X53 -> 0 | BG53: =$D53*$G53*J53 -> 0 | BH53: =$D53*$G53*K53 -> 0 | BI53: =$D53*$G53*L53 -> 0 | BJ53: =$D53*$G53*M53 -> 0 | BK53: =$D53*$G53*N53 -> 0 | BL53: =$D53*$G53*O53 -> 0 | BM53: =$D53*$G53*P53 -> 0 | BN53: =$D53*$G53*Q53 -> 0 | ... BU53: =$D53*$G53*X53 -> 0 | BW53: =$D53*$H53*J53 -> 0 | BX53: =$D53*$H53*K53 -> 0 | BY53: =$D53*$H53*L53 -> 0 | BZ53: =$D53*$H53*M53 -> 0 | CA53: =$D53*$H53*N53 -> 0 | CB53: =$D53*$H53*O53 -> 0 | CC53: =$D53*$H53*P53 -> 0 | CD53: =$D53*$H53*Q53 -> 0 | ... CK53: =$D53*$H53*X53 -> 0 | CM53: =$D53*$I53*J53 -> 1 | CN53: =$D53*$I53*K53 -> 1 | CO53: =$D53*$I53*L53 -> 1 | CP53: =$D53*$I53*M53 -> 0 | CQ53: =$D53*$I53*N53 -> 0 | CR53: =$D53*$I53*O53 -> 0 | CS53: =$D53*$I53*P53 -> 0 | CT53: =$D53*$I53*Q53 -> 0 | ... DA53: =$D53*$I53*X53 -> 0
A54: 6.8 | B54: Specifications of A/D converters, example of A/D converter ICs | C54: Th | D54: 1 | E54: 1 | I54: 1 | J54: 1 | K54: 1 | L54: 1 | S54: 1 | T54: 1 | U54: 1 | V54: 1 | W54: 1 | AA54: =$D54*$E54*J54 -> 1 | AB54: =$D54*$E54*K54 -> 1 | AC54: =$D54*$E54*L54 -> 1 | AD54: =$D54*$E54*M54 -> 0 | AE54: =$D54*$E54*N54 -> 0 | AF54: =$D54*$E54*O54 -> 0 | AG54: =$D54*$E54*P54 -> 0 | AH54: =$D54*$E54*Q54 -> 0 | ... AO54: =$D54*$E54*X54 -> 0 | AQ54: =$D54*$F54*J54 -> 0 | AR54: =$D54*$F54*K54 -> 0 | AS54: =$D54*$F54*L54 -> 0 | AT54: =$D54*$F54*M54 -> 0 | AU54: =$D54*$F54*N54 -> 0 | AV54: =$D54*$F54*O54 -> 0 | AW54: =$D54*$F54*P54 -> 0 | AX54: =$D54*$F54*Q54 -> 0 | ... BE54: =$D54*$F54*X54 -> 0 | BG54: =$D54*$G54*J54 -> 0 | BH54: =$D54*$G54*K54 -> 0 | BI54: =$D54*$G54*L54 -> 0 | BJ54: =$D54*$G54*M54 -> 0 | BK54: =$D54*$G54*N54 -> 0 | BL54: =$D54*$G54*O54 -> 0 | BM54: =$D54*$G54*P54 -> 0 | BN54: =$D54*$G54*Q54 -> 0 | ... BU54: =$D54*$G54*X54 -> 0 | BW54: =$D54*$H54*J54 -> 0 | BX54: =$D54*$H54*K54 -> 0 | BY54: =$D54*$H54*L54 -> 0 | BZ54: =$D54*$H54*M54 -> 0 | CA54: =$D54*$H54*N54 -> 0 | CB54: =$D54*$H54*O54 -> 0 | CC54: =$D54*$H54*P54 -> 0 | CD54: =$D54*$H54*Q54 -> 0 | ... CK54: =$D54*$H54*X54 -> 0 | CM54: =$D54*$I54*J54 -> 1 | CN54: =$D54*$I54*K54 -> 1 | CO54: =$D54*$I54*L54 -> 1 | CP54: =$D54*$I54*M54 -> 0 | CQ54: =$D54*$I54*N54 -> 0 | CR54: =$D54*$I54*O54 -> 0 | CS54: =$D54*$I54*P54 -> 0 | CT54: =$D54*$I54*Q54 -> 0 | ... DA54: =$D54*$I54*X54 -> 0
AA55: =$D55*$E55*J55 -> 0 | AB55: =$D55*$E55*K55 -> 0 | AC55: =$D55*$E55*L55 -> 0 | AD55: =$D55*$E55*M55 -> 0 | AE55: =$D55*$E55*N55 -> 0 | AF55: =$D55*$E55*O55 -> 0 | AG55: =$D55*$E55*P55 -> 0 | AH55: =$D55*$E55*Q55 -> 0 | ... AO55: =$D55*$E55*X55 -> 0 | AQ55: =$D55*$F55*J55 -> 0 | AR55: =$D55*$F55*K55 -> 0 | AS55: =$D55*$F55*L55 -> 0 | AT55: =$D55*$F55*M55 -> 0 | AU55: =$D55*$F55*N55 -> 0 | AV55: =$D55*$F55*O55 -> 0 | AW55: =$D55*$F55*P55 -> 0 | AX55: =$D55*$F55*Q55 -> 0 | ... BE55: =$D55*$F55*X55 -> 0 | BG55: =$D55*$G55*J55 -> 0 | BH55: =$D55*$G55*K55 -> 0 | BI55: =$D55*$G55*L55 -> 0 | BJ55: =$D55*$G55*M55 -> 0 | BK55: =$D55*$G55*N55 -> 0 | BL55: =$D55*$G55*O55 -> 0 | BM55: =$D55*$G55*P55 -> 0 | BN55: =$D55*$G55*Q55 -> 0 | ... BU55: =$D55*$G55*X55 -> 0 | BW55: =$D55*$H55*J55 -> 0 | BX55: =$D55*$H55*K55 -> 0 | BY55: =$D55*$H55*L55 -> 0 | BZ55: =$D55*$H55*M55 -> 0 | CA55: =$D55*$H55*N55 -> 0 | CB55: =$D55*$H55*O55 -> 0 | CC55: =$D55*$H55*P55 -> 0 | CD55: =$D55*$H55*Q55 -> 0 | ... CK55: =$D55*$H55*X55 -> 0 | CM55: =$D55*$I55*J55 -> 0 | CN55: =$D55*$I55*K55 -> 0 | CO55: =$D55*$I55*L55 -> 0 | CP55: =$D55*$I55*M55 -> 0 | CQ55: =$D55*$I55*N55 -> 0 | CR55: =$D55*$I55*O55 -> 0 | CS55: =$D55*$I55*P55 -> 0 | CT55: =$D55*$I55*Q55 -> 0 | ... DA55: =$D55*$I55*X55 -> 0
A56: Pr.1 | B56: (a) To verify the working of Op-amp as a Non - inverting Amplifier. (b) To verify the working of Op-amp as an Inverting Amplifier | C56: Pr | D56: 2 | E56: 1 | F56: 1 | J56: 1 | K56: 1 | L56: 1 | N56: 1 | S56: 1 | AA56: =$D56*$E56*J56 -> 2 | AB56: =$D56*$E56*K56 -> 2 | AC56: =$D56*$E56*L56 -> 2 | AD56: =$D56*$E56*M56 -> 0 | AE56: =$D56*$E56*N56 -> 2 | AF56: =$D56*$E56*O56 -> 0 | AG56: =$D56*$E56*P56 -> 0 | AH56: =$D56*$E56*Q56 -> 0 | ... AO56: =$D56*$E56*X56 -> 0 | AQ56: =$D56*$F56*J56 -> 2 | AR56: =$D56*$F56*K56 -> 2 | AS56: =$D56*$F56*L56 -> 2 | AT56: =$D56*$F56*M56 -> 0 | AU56: =$D56*$F56*N56 -> 2 | AV56: =$D56*$F56*O56 -> 0 | AW56: =$D56*$F56*P56 -> 0 | AX56: =$D56*$F56*Q56 -> 0 | ... BE56: =$D56*$F56*X56 -> 0 | BG56: =$D56*$G56*J56 -> 0 | BH56: =$D56*$G56*K56 -> 0 | BI56: =$D56*$G56*L56 -> 0 | BJ56: =$D56*$G56*M56 -> 0 | BK56: =$D56*$G56*N56 -> 0 | BL56: =$D56*$G56*O56 -> 0 | BM56: =$D56*$G56*P56 -> 0 | BN56: =$D56*$G56*Q56 -> 0 | ... BU56: =$D56*$G56*X56 -> 0 | BW56: =$D56*$H56*J56 -> 0 | BX56: =$D56*$H56*K56 -> 0 | BY56: =$D56*$H56*L56 -> 0 | BZ56: =$D56*$H56*M56 -> 0 | CA56: =$D56*$H56*N56 -> 0 | CB56: =$D56*$H56*O56 -> 0 | CC56: =$D56*$H56*P56 -> 0 | CD56: =$D56*$H56*Q56 -> 0 | ... CK56: =$D56*$H56*X56 -> 0 | CM56: =$D56*$I56*J56 -> 0 | CN56: =$D56*$I56*K56 -> 0 | CO56: =$D56*$I56*L56 -> 0 | CP56: =$D56*$I56*M56 -> 0 | CQ56: =$D56*$I56*N56 -> 0 | CR56: =$D56*$I56*O56 -> 0 | CS56: =$D56*$I56*P56 -> 0 | CT56: =$D56*$I56*Q56 -> 0 | ... DA56: =$D56*$I56*X56 -> 0
A57: Pr.2 | B57: (a) To verify the working of Op-amp as an Integrator. (b) To verify the working of Op-amp as an Differentiator. | C57: Pr | D57: 2 | E57: 1 | F57: 1 | J57: 1 | K57: 1 | L57: 1 | N57: 1 | S57: 1 | AA57: =$D57*$E57*J57 -> 2 | AB57: =$D57*$E57*K57 -> 2 | AC57: =$D57*$E57*L57 -> 2 | AD57: =$D57*$E57*M57 -> 0 | AE57: =$D57*$E57*N57 -> 2 | AF57: =$D57*$E57*O57 -> 0 | AG57: =$D57*$E57*P57 -> 0 | AH57: =$D57*$E57*Q57 -> 0 | ... AO57: =$D57*$E57*X57 -> 0 | AQ57: =$D57*$F57*J57 -> 2 | AR57: =$D57*$F57*K57 -> 2 | AS57: =$D57*$F57*L57 -> 2 | AT57: =$D57*$F57*M57 -> 0 | AU57: =$D57*$F57*N57 -> 2 | AV57: =$D57*$F57*O57 -> 0 | AW57: =$D57*$F57*P57 -> 0 | AX57: =$D57*$F57*Q57 -> 0 | ... BE57: =$D57*$F57*X57 -> 0 | BG57: =$D57*$G57*J57 -> 0 | BH57: =$D57*$G57*K57 -> 0 | BI57: =$D57*$G57*L57 -> 0 | BJ57: =$D57*$G57*M57 -> 0 | BK57: =$D57*$G57*N57 -> 0 | BL57: =$D57*$G57*O57 -> 0 | BM57: =$D57*$G57*P57 -> 0 | BN57: =$D57*$G57*Q57 -> 0 | ... BU57: =$D57*$G57*X57 -> 0 | BW57: =$D57*$H57*J57 -> 0 | BX57: =$D57*$H57*K57 -> 0 | BY57: =$D57*$H57*L57 -> 0 | BZ57: =$D57*$H57*M57 -> 0 | CA57: =$D57*$H57*N57 -> 0 | CB57: =$D57*$H57*O57 -> 0 | CC57: =$D57*$H57*P57 -> 0 | CD57: =$D57*$H57*Q57 -> 0 | ... CK57: =$D57*$H57*X57 -> 0 | CM57: =$D57*$I57*J57 -> 0 | CN57: =$D57*$I57*K57 -> 0 | CO57: =$D57*$I57*L57 -> 0 | CP57: =$D57*$I57*M57 -> 0 | CQ57: =$D57*$I57*N57 -> 0 | CR57: =$D57*$I57*O57 -> 0 | CS57: =$D57*$I57*P57 -> 0 | CT57: =$D57*$I57*Q57 -> 0 | ... DA57: =$D57*$I57*X57 -> 0
A58: Pr.3 | B58: To verify the operation of Phase Shift Oscillator | C58: Pr | D58: 2 | E58: 1 | G58: 1 | J58: 1 | K58: 1 | L58: 1 | N58: 1 | S58: 1 | AA58: =$D58*$E58*J58 -> 2 | AB58: =$D58*$E58*K58 -> 2 | AC58: =$D58*$E58*L58 -> 2 | AD58: =$D58*$E58*M58 -> 0 | AE58: =$D58*$E58*N58 -> 2 | AF58: =$D58*$E58*O58 -> 0 | AG58: =$D58*$E58*P58 -> 0 | AH58: =$D58*$E58*Q58 -> 0 | ... AO58: =$D58*$E58*X58 -> 0 | AQ58: =$D58*$F58*J58 -> 0 | AR58: =$D58*$F58*K58 -> 0 | AS58: =$D58*$F58*L58 -> 0 | AT58: =$D58*$F58*M58 -> 0 | AU58: =$D58*$F58*N58 -> 0 | AV58: =$D58*$F58*O58 -> 0 | AW58: =$D58*$F58*P58 -> 0 | AX58: =$D58*$F58*Q58 -> 0 | ... BE58: =$D58*$F58*X58 -> 0 | BG58: =$D58*$G58*J58 -> 2 | BH58: =$D58*$G58*K58 -> 2 | BI58: =$D58*$G58*L58 -> 2 | BJ58: =$D58*$G58*M58 -> 0 | BK58: =$D58*$G58*N58 -> 2 | BL58: =$D58*$G58*O58 -> 0 | BM58: =$D58*$G58*P58 -> 0 | BN58: =$D58*$G58*Q58 -> 0 | ... BU58: =$D58*$G58*X58 -> 0 | BW58: =$D58*$H58*J58 -> 0 | BX58: =$D58*$H58*K58 -> 0 | BY58: =$D58*$H58*L58 -> 0 | BZ58: =$D58*$H58*M58 -> 0 | CA58: =$D58*$H58*N58 -> 0 | CB58: =$D58*$H58*O58 -> 0 | CC58: =$D58*$H58*P58 -> 0 | CD58: =$D58*$H58*Q58 -> 0 | ... CK58: =$D58*$H58*X58 -> 0 | CM58: =$D58*$I58*J58 -> 0 | CN58: =$D58*$I58*K58 -> 0 | CO58: =$D58*$I58*L58 -> 0 | CP58: =$D58*$I58*M58 -> 0 | CQ58: =$D58*$I58*N58 -> 0 | CR58: =$D58*$I58*O58 -> 0 | CS58: =$D58*$I58*P58 -> 0 | CT58: =$D58*$I58*Q58 -> 0 | ... DA58: =$D58*$I58*X58 -> 0
A59: Pr.4 | B59: (a) To verify the working of Op-amp as a square wave generator. (b) To verify the working of Op-amp as a Triangular wave generator. | C59: Pr | D59: 2 | E59: 1 | G59: 1 | J59: 1 | K59: 1 | L59: 1 | N59: 1 | S59: 1 | AA59: =$D59*$E59*J59 -> 2 | AB59: =$D59*$E59*K59 -> 2 | AC59: =$D59*$E59*L59 -> 2 | AD59: =$D59*$E59*M59 -> 0 | AE59: =$D59*$E59*N59 -> 2 | AF59: =$D59*$E59*O59 -> 0 | AG59: =$D59*$E59*P59 -> 0 | AH59: =$D59*$E59*Q59 -> 0 | ... AO59: =$D59*$E59*X59 -> 0 | AQ59: =$D59*$F59*J59 -> 0 | AR59: =$D59*$F59*K59 -> 0 | AS59: =$D59*$F59*L59 -> 0 | AT59: =$D59*$F59*M59 -> 0 | AU59: =$D59*$F59*N59 -> 0 | AV59: =$D59*$F59*O59 -> 0 | AW59: =$D59*$F59*P59 -> 0 | AX59: =$D59*$F59*Q59 -> 0 | ... BE59: =$D59*$F59*X59 -> 0 | BG59: =$D59*$G59*J59 -> 2 | BH59: =$D59*$G59*K59 -> 2 | BI59: =$D59*$G59*L59 -> 2 | BJ59: =$D59*$G59*M59 -> 0 | BK59: =$D59*$G59*N59 -> 2 | BL59: =$D59*$G59*O59 -> 0 | BM59: =$D59*$G59*P59 -> 0 | BN59: =$D59*$G59*Q59 -> 0 | ... BU59: =$D59*$G59*X59 -> 0 | BW59: =$D59*$H59*J59 -> 0 | BX59: =$D59*$H59*K59 -> 0 | BY59: =$D59*$H59*L59 -> 0 | BZ59: =$D59*$H59*M59 -> 0 | CA59: =$D59*$H59*N59 -> 0 | CB59: =$D59*$H59*O59 -> 0 | CC59: =$D59*$H59*P59 -> 0 | CD59: =$D59*$H59*Q59 -> 0 | ... CK59: =$D59*$H59*X59 -> 0 | CM59: =$D59*$I59*J59 -> 0 | CN59: =$D59*$I59*K59 -> 0 | CO59: =$D59*$I59*L59 -> 0 | CP59: =$D59*$I59*M59 -> 0 | CQ59: =$D59*$I59*N59 -> 0 | CR59: =$D59*$I59*O59 -> 0 | CS59: =$D59*$I59*P59 -> 0 | CT59: =$D59*$I59*Q59 -> 0 | ... DA59: =$D59*$I59*X59 -> 0
A60: Pr.5 | B60: (a) To verify the application of op-amp as a Zero Crossing Detector. (b) To verify the application of op-amp as a Peak Detector. | C60: Pr | D60: 2 | E60: 1 | G60: 1 | J60: 1 | K60: 1 | L60: 1 | N60: 1 | S60: 1 | AA60: =$D60*$E60*J60 -> 2 | AB60: =$D60*$E60*K60 -> 2 | AC60: =$D60*$E60*L60 -> 2 | AD60: =$D60*$E60*M60 -> 0 | AE60: =$D60*$E60*N60 -> 2 | AF60: =$D60*$E60*O60 -> 0 | AG60: =$D60*$E60*P60 -> 0 | AH60: =$D60*$E60*Q60 -> 0 | ... AO60: =$D60*$E60*X60 -> 0 | AQ60: =$D60*$F60*J60 -> 0 | AR60: =$D60*$F60*K60 -> 0 | AS60: =$D60*$F60*L60 -> 0 | AT60: =$D60*$F60*M60 -> 0 | AU60: =$D60*$F60*N60 -> 0 | AV60: =$D60*$F60*O60 -> 0 | AW60: =$D60*$F60*P60 -> 0 | AX60: =$D60*$F60*Q60 -> 0 | ... BE60: =$D60*$F60*X60 -> 0 | BG60: =$D60*$G60*J60 -> 2 | BH60: =$D60*$G60*K60 -> 2 | BI60: =$D60*$G60*L60 -> 2 | BJ60: =$D60*$G60*M60 -> 0 | BK60: =$D60*$G60*N60 -> 2 | BL60: =$D60*$G60*O60 -> 0 | BM60: =$D60*$G60*P60 -> 0 | BN60: =$D60*$G60*Q60 -> 0 | ... BU60: =$D60*$G60*X60 -> 0 | BW60: =$D60*$H60*J60 -> 0 | BX60: =$D60*$H60*K60 -> 0 | BY60: =$D60*$H60*L60 -> 0 | BZ60: =$D60*$H60*M60 -> 0 | CA60: =$D60*$H60*N60 -> 0 | CB60: =$D60*$H60*O60 -> 0 | CC60: =$D60*$H60*P60 -> 0 | CD60: =$D60*$H60*Q60 -> 0 | ... CK60: =$D60*$H60*X60 -> 0 | CM60: =$D60*$I60*J60 -> 0 | CN60: =$D60*$I60*K60 -> 0 | CO60: =$D60*$I60*L60 -> 0 | CP60: =$D60*$I60*M60 -> 0 | CQ60: =$D60*$I60*N60 -> 0 | CR60: =$D60*$I60*O60 -> 0 | CS60: =$D60*$I60*P60 -> 0 | CT60: =$D60*$I60*Q60 -> 0 | ... DA60: =$D60*$I60*X60 -> 0
A61: Pr.6 | B61: (a) To verify working of half and full binary adder and subtractor circuits. (b) To verify working of binary to gray and gray to binary converter circuit | C61: Pr | D61: 2 | E61: 1 | H61: 1 | J61: 1 | K61: 1 | L61: 1 | N61: 1 | S61: 1 | AA61: =$D61*$E61*J61 -> 2 | AB61: =$D61*$E61*K61 -> 2 | AC61: =$D61*$E61*L61 -> 2 | AD61: =$D61*$E61*M61 -> 0 | AE61: =$D61*$E61*N61 -> 2 | AF61: =$D61*$E61*O61 -> 0 | AG61: =$D61*$E61*P61 -> 0 | AH61: =$D61*$E61*Q61 -> 0 | ... AO61: =$D61*$E61*X61 -> 0 | AQ61: =$D61*$F61*J61 -> 0 | AR61: =$D61*$F61*K61 -> 0 | AS61: =$D61*$F61*L61 -> 0 | AT61: =$D61*$F61*M61 -> 0 | AU61: =$D61*$F61*N61 -> 0 | AV61: =$D61*$F61*O61 -> 0 | AW61: =$D61*$F61*P61 -> 0 | AX61: =$D61*$F61*Q61 -> 0 | ... BE61: =$D61*$F61*X61 -> 0 | BG61: =$D61*$G61*J61 -> 0 | BH61: =$D61*$G61*K61 -> 0 | BI61: =$D61*$G61*L61 -> 0 | BJ61: =$D61*$G61*M61 -> 0 | BK61: =$D61*$G61*N61 -> 0 | BL61: =$D61*$G61*O61 -> 0 | BM61: =$D61*$G61*P61 -> 0 | BN61: =$D61*$G61*Q61 -> 0 | ... BU61: =$D61*$G61*X61 -> 0 | BW61: =$D61*$H61*J61 -> 2 | BX61: =$D61*$H61*K61 -> 2 | BY61: =$D61*$H61*L61 -> 2 | BZ61: =$D61*$H61*M61 -> 0 | CA61: =$D61*$H61*N61 -> 2 | CB61: =$D61*$H61*O61 -> 0 | CC61: =$D61*$H61*P61 -> 0 | CD61: =$D61*$H61*Q61 -> 0 | ... CK61: =$D61*$H61*X61 -> 0 | CM61: =$D61*$I61*J61 -> 0 | CN61: =$D61*$I61*K61 -> 0 | CO61: =$D61*$I61*L61 -> 0 | CP61: =$D61*$I61*M61 -> 0 | CQ61: =$D61*$I61*N61 -> 0 | CR61: =$D61*$I61*O61 -> 0 | CS61: =$D61*$I61*P61 -> 0 | CT61: =$D61*$I61*Q61 -> 0 | ... DA61: =$D61*$I61*X61 -> 0
A62: Pr.7 | B62: To verify truth tables of RS, JK, D and T flip-flops. | C62: Pr | D62: 2 | E62: 1 | H62: 1 | J62: 1 | K62: 1 | L62: 1 | N62: 1 | S62: 1 | AA62: =$D62*$E62*J62 -> 2 | AB62: =$D62*$E62*K62 -> 2 | AC62: =$D62*$E62*L62 -> 2 | AD62: =$D62*$E62*M62 -> 0 | AE62: =$D62*$E62*N62 -> 2 | AF62: =$D62*$E62*O62 -> 0 | AG62: =$D62*$E62*P62 -> 0 | AH62: =$D62*$E62*Q62 -> 0 | ... AO62: =$D62*$E62*X62 -> 0 | AQ62: =$D62*$F62*J62 -> 0 | AR62: =$D62*$F62*K62 -> 0 | AS62: =$D62*$F62*L62 -> 0 | AT62: =$D62*$F62*M62 -> 0 | AU62: =$D62*$F62*N62 -> 0 | AV62: =$D62*$F62*O62 -> 0 | AW62: =$D62*$F62*P62 -> 0 | AX62: =$D62*$F62*Q62 -> 0 | ... BE62: =$D62*$F62*X62 -> 0 | BG62: =$D62*$G62*J62 -> 0 | BH62: =$D62*$G62*K62 -> 0 | BI62: =$D62*$G62*L62 -> 0 | BJ62: =$D62*$G62*M62 -> 0 | BK62: =$D62*$G62*N62 -> 0 | BL62: =$D62*$G62*O62 -> 0 | BM62: =$D62*$G62*P62 -> 0 | BN62: =$D62*$G62*Q62 -> 0 | ... BU62: =$D62*$G62*X62 -> 0 | BW62: =$D62*$H62*J62 -> 2 | BX62: =$D62*$H62*K62 -> 2 | BY62: =$D62*$H62*L62 -> 2 | BZ62: =$D62*$H62*M62 -> 0 | CA62: =$D62*$H62*N62 -> 2 | CB62: =$D62*$H62*O62 -> 0 | CC62: =$D62*$H62*P62 -> 0 | CD62: =$D62*$H62*Q62 -> 0 | ... CK62: =$D62*$H62*X62 -> 0 | CM62: =$D62*$I62*J62 -> 0 | CN62: =$D62*$I62*K62 -> 0 | CO62: =$D62*$I62*L62 -> 0 | CP62: =$D62*$I62*M62 -> 0 | CQ62: =$D62*$I62*N62 -> 0 | CR62: =$D62*$I62*O62 -> 0 | CS62: =$D62*$I62*P62 -> 0 | CT62: =$D62*$I62*Q62 -> 0 | ... DA62: =$D62*$I62*X62 -> 0
A63: Pr.8 | B63: (a) To Design 8 to 3 Encoder and 3 to 8 line Decoder. (b) To Design 4 to 1 Multiplexer and 1 to 4 line De-multiplexer | C63: Pr | D63: 2 | H63: 1 | J63: 1 | K63: 1 | L63: 1 | N63: 1 | S63: 1 | AA63: =$D63*$E63*J63 -> 0 | AB63: =$D63*$E63*K63 -> 0 | AC63: =$D63*$E63*L63 -> 0 | AD63: =$D63*$E63*M63 -> 0 | AE63: =$D63*$E63*N63 -> 0 | AF63: =$D63*$E63*O63 -> 0 | AG63: =$D63*$E63*P63 -> 0 | AH63: =$D63*$E63*Q63 -> 0 | ... AO63: =$D63*$E63*X63 -> 0 | AQ63: =$D63*$F63*J63 -> 0 | AR63: =$D63*$F63*K63 -> 0 | AS63: =$D63*$F63*L63 -> 0 | AT63: =$D63*$F63*M63 -> 0 | AU63: =$D63*$F63*N63 -> 0 | AV63: =$D63*$F63*O63 -> 0 | AW63: =$D63*$F63*P63 -> 0 | AX63: =$D63*$F63*Q63 -> 0 | ... BE63: =$D63*$F63*X63 -> 0 | BG63: =$D63*$G63*J63 -> 0 | BH63: =$D63*$G63*K63 -> 0 | BI63: =$D63*$G63*L63 -> 0 | BJ63: =$D63*$G63*M63 -> 0 | BK63: =$D63*$G63*N63 -> 0 | BL63: =$D63*$G63*O63 -> 0 | BM63: =$D63*$G63*P63 -> 0 | BN63: =$D63*$G63*Q63 -> 0 | ... BU63: =$D63*$G63*X63 -> 0 | BW63: =$D63*$H63*J63 -> 2 | BX63: =$D63*$H63*K63 -> 2 | BY63: =$D63*$H63*L63 -> 2 | BZ63: =$D63*$H63*M63 -> 0 | CA63: =$D63*$H63*N63 -> 2 | CB63: =$D63*$H63*O63 -> 0 | CC63: =$D63*$H63*P63 -> 0 | CD63: =$D63*$H63*Q63 -> 0 | ... CK63: =$D63*$H63*X63 -> 0 | CM63: =$D63*$I63*J63 -> 0 | CN63: =$D63*$I63*K63 -> 0 | CO63: =$D63*$I63*L63 -> 0 | CP63: =$D63*$I63*M63 -> 0 | CQ63: =$D63*$I63*N63 -> 0 | CR63: =$D63*$I63*O63 -> 0 | CS63: =$D63*$I63*P63 -> 0 | CT63: =$D63*$I63*Q63 -> 0 | ... DA63: =$D63*$I63*X63 -> 0
A64: Pr.9 | B64: (a) To verify the working of binary up/down counter. (b) To verify the working of Ring counter, Johnson counter. | C64: Pr | D64: 2 | H64: 1 | J64: 1 | K64: 1 | L64: 1 | N64: 1 | S64: 1 | AA64: =$D64*$E64*J64 -> 0 | AB64: =$D64*$E64*K64 -> 0 | AC64: =$D64*$E64*L64 -> 0 | AD64: =$D64*$E64*M64 -> 0 | AE64: =$D64*$E64*N64 -> 0 | AF64: =$D64*$E64*O64 -> 0 | AG64: =$D64*$E64*P64 -> 0 | AH64: =$D64*$E64*Q64 -> 0 | ... AO64: =$D64*$E64*X64 -> 0 | AQ64: =$D64*$F64*J64 -> 0 | AR64: =$D64*$F64*K64 -> 0 | AS64: =$D64*$F64*L64 -> 0 | AT64: =$D64*$F64*M64 -> 0 | AU64: =$D64*$F64*N64 -> 0 | AV64: =$D64*$F64*O64 -> 0 | AW64: =$D64*$F64*P64 -> 0 | AX64: =$D64*$F64*Q64 -> 0 | ... BE64: =$D64*$F64*X64 -> 0 | BG64: =$D64*$G64*J64 -> 0 | BH64: =$D64*$G64*K64 -> 0 | BI64: =$D64*$G64*L64 -> 0 | BJ64: =$D64*$G64*M64 -> 0 | BK64: =$D64*$G64*N64 -> 0 | BL64: =$D64*$G64*O64 -> 0 | BM64: =$D64*$G64*P64 -> 0 | BN64: =$D64*$G64*Q64 -> 0 | ... BU64: =$D64*$G64*X64 -> 0 | BW64: =$D64*$H64*J64 -> 2 | BX64: =$D64*$H64*K64 -> 2 | BY64: =$D64*$H64*L64 -> 2 | BZ64: =$D64*$H64*M64 -> 0 | CA64: =$D64*$H64*N64 -> 2 | CB64: =$D64*$H64*O64 -> 0 | CC64: =$D64*$H64*P64 -> 0 | CD64: =$D64*$H64*Q64 -> 0 | ... CK64: =$D64*$H64*X64 -> 0 | CM64: =$D64*$I64*J64 -> 0 | CN64: =$D64*$I64*K64 -> 0 | CO64: =$D64*$I64*L64 -> 0 | CP64: =$D64*$I64*M64 -> 0 | CQ64: =$D64*$I64*N64 -> 0 | CR64: =$D64*$I64*O64 -> 0 | CS64: =$D64*$I64*P64 -> 0 | CT64: =$D64*$I64*Q64 -> 0 | ... DA64: =$D64*$I64*X64 -> 0
A65: Pr.10 | B65: (a) To study Specification and Performance indices of D/A converters. (b) To study Specification and Performance indices of A/D converters. | C65: Pr | D65: 2 | I65: 1 | J65: 1 | K65: 1 | L65: 1 | N65: 1 | S65: 1 | T65: 1 | AA65: =$D65*$E65*J65 -> 0 | AB65: =$D65*$E65*K65 -> 0 | AC65: =$D65*$E65*L65 -> 0 | AD65: =$D65*$E65*M65 -> 0 | AE65: =$D65*$E65*N65 -> 0 | AF65: =$D65*$E65*O65 -> 0 | AG65: =$D65*$E65*P65 -> 0 | AH65: =$D65*$E65*Q65 -> 0 | ... AO65: =$D65*$E65*X65 -> 0 | AQ65: =$D65*$F65*J65 -> 0 | AR65: =$D65*$F65*K65 -> 0 | AS65: =$D65*$F65*L65 -> 0 | AT65: =$D65*$F65*M65 -> 0 | AU65: =$D65*$F65*N65 -> 0 | AV65: =$D65*$F65*O65 -> 0 | AW65: =$D65*$F65*P65 -> 0 | AX65: =$D65*$F65*Q65 -> 0 | ... BE65: =$D65*$F65*X65 -> 0 | BG65: =$D65*$G65*J65 -> 0 | BH65: =$D65*$G65*K65 -> 0 | BI65: =$D65*$G65*L65 -> 0 | BJ65: =$D65*$G65*M65 -> 0 | BK65: =$D65*$G65*N65 -> 0 | BL65: =$D65*$G65*O65 -> 0 | BM65: =$D65*$G65*P65 -> 0 | BN65: =$D65*$G65*Q65 -> 0 | ... BU65: =$D65*$G65*X65 -> 0 | BW65: =$D65*$H65*J65 -> 0 | BX65: =$D65*$H65*K65 -> 0 | BY65: =$D65*$H65*L65 -> 0 | BZ65: =$D65*$H65*M65 -> 0 | CA65: =$D65*$H65*N65 -> 0 | CB65: =$D65*$H65*O65 -> 0 | CC65: =$D65*$H65*P65 -> 0 | CD65: =$D65*$H65*Q65 -> 0 | ... CK65: =$D65*$H65*X65 -> 0 | CM65: =$D65*$I65*J65 -> 2 | CN65: =$D65*$I65*K65 -> 2 | CO65: =$D65*$I65*L65 -> 2 | CP65: =$D65*$I65*M65 -> 0 | CQ65: =$D65*$I65*N65 -> 2 | CR65: =$D65*$I65*O65 -> 0 | CS65: =$D65*$I65*P65 -> 0 | CT65: =$D65*$I65*Q65 -> 0 | ... DA65: =$D65*$I65*X65 -> 0
A66: Pr.11 | AA66: =$D66*$E66*J66 -> 0 | AB66: =$D66*$E66*K66 -> 0 | AC66: =$D66*$E66*L66 -> 0 | AD66: =$D66*$E66*M66 -> 0 | AE66: =$D66*$E66*N66 -> 0 | AF66: =$D66*$E66*O66 -> 0 | AG66: =$D66*$E66*P66 -> 0 | AH66: =$D66*$E66*Q66 -> 0 | ... AO66: =$D66*$E66*X66 -> 0 | AQ66: =$D66*$F66*J66 -> 0 | AR66: =$D66*$F66*K66 -> 0 | AS66: =$D66*$F66*L66 -> 0 | AT66: =$D66*$F66*M66 -> 0 | AU66: =$D66*$F66*N66 -> 0 | AV66: =$D66*$F66*O66 -> 0 | AW66: =$D66*$F66*P66 -> 0 | AX66: =$D66*$F66*Q66 -> 0 | ... BE66: =$D66*$F66*X66 -> 0 | BG66: =$D66*$G66*J66 -> 0 | BH66: =$D66*$G66*K66 -> 0 | BI66: =$D66*$G66*L66 -> 0 | BJ66: =$D66*$G66*M66 -> 0 | BK66: =$D66*$G66*N66 -> 0 | BL66: =$D66*$G66*O66 -> 0 | BM66: =$D66*$G66*P66 -> 0 | BN66: =$D66*$G66*Q66 -> 0 | ... BU66: =$D66*$G66*X66 -> 0 | BW66: =$D66*$H66*J66 -> 0 | BX66: =$D66*$H66*K66 -> 0 | BY66: =$D66*$H66*L66 -> 0 | BZ66: =$D66*$H66*M66 -> 0 | CA66: =$D66*$H66*N66 -> 0 | CB66: =$D66*$H66*O66 -> 0 | CC66: =$D66*$H66*P66 -> 0 | CD66: =$D66*$H66*Q66 -> 0 | ... CK66: =$D66*$H66*X66 -> 0 | CM66: =$D66*$I66*J66 -> 0 | CN66: =$D66*$I66*K66 -> 0 | CO66: =$D66*$I66*L66 -> 0 | CP66: =$D66*$I66*M66 -> 0 | CQ66: =$D66*$I66*N66 -> 0 | CR66: =$D66*$I66*O66 -> 0 | CS66: =$D66*$I66*P66 -> 0 | CT66: =$D66*$I66*Q66 -> 0 | ... DA66: =$D66*$I66*X66 -> 0
A67: Pr.12 | AA67: =$D67*$E67*J67 -> 0 | AB67: =$D67*$E67*K67 -> 0 | AC67: =$D67*$E67*L67 -> 0 | AD67: =$D67*$E67*M67 -> 0 | AE67: =$D67*$E67*N67 -> 0 | AF67: =$D67*$E67*O67 -> 0 | AG67: =$D67*$E67*P67 -> 0 | AH67: =$D67*$E67*Q67 -> 0 | ... AO67: =$D67*$E67*X67 -> 0 | AQ67: =$D67*$F67*J67 -> 0 | AR67: =$D67*$F67*K67 -> 0 | AS67: =$D67*$F67*L67 -> 0 | AT67: =$D67*$F67*M67 -> 0 | AU67: =$D67*$F67*N67 -> 0 | AV67: =$D67*$F67*O67 -> 0 | AW67: =$D67*$F67*P67 -> 0 | AX67: =$D67*$F67*Q67 -> 0 | ... BE67: =$D67*$F67*X67 -> 0 | BG67: =$D67*$G67*J67 -> 0 | BH67: =$D67*$G67*K67 -> 0 | BI67: =$D67*$G67*L67 -> 0 | BJ67: =$D67*$G67*M67 -> 0 | BK67: =$D67*$G67*N67 -> 0 | BL67: =$D67*$G67*O67 -> 0 | BM67: =$D67*$G67*P67 -> 0 | BN67: =$D67*$G67*Q67 -> 0 | ... BU67: =$D67*$G67*X67 -> 0 | BW67: =$D67*$H67*J67 -> 0 | BX67: =$D67*$H67*K67 -> 0 | BY67: =$D67*$H67*L67 -> 0 | BZ67: =$D67*$H67*M67 -> 0 | CA67: =$D67*$H67*N67 -> 0 | CB67: =$D67*$H67*O67 -> 0 | CC67: =$D67*$H67*P67 -> 0 | CD67: =$D67*$H67*Q67 -> 0 | ... CK67: =$D67*$H67*X67 -> 0 | CM67: =$D67*$I67*J67 -> 0 | CN67: =$D67*$I67*K67 -> 0 | CO67: =$D67*$I67*L67 -> 0 | CP67: =$D67*$I67*M67 -> 0 | CQ67: =$D67*$I67*N67 -> 0 | CR67: =$D67*$I67*O67 -> 0 | CS67: =$D67*$I67*P67 -> 0 | CT67: =$D67*$I67*Q67 -> 0 | ... DA67: =$D67*$I67*X67 -> 0
A68: Pr.13 | AA68: =$D68*$E68*J68 -> 0 | AB68: =$D68*$E68*K68 -> 0 | AC68: =$D68*$E68*L68 -> 0 | AD68: =$D68*$E68*M68 -> 0 | AE68: =$D68*$E68*N68 -> 0 | AF68: =$D68*$E68*O68 -> 0 | AG68: =$D68*$E68*P68 -> 0 | AH68: =$D68*$E68*Q68 -> 0 | ... AO68: =$D68*$E68*X68 -> 0 | AQ68: =$D68*$F68*J68 -> 0 | AR68: =$D68*$F68*K68 -> 0 | AS68: =$D68*$F68*L68 -> 0 | AT68: =$D68*$F68*M68 -> 0 | AU68: =$D68*$F68*N68 -> 0 | AV68: =$D68*$F68*O68 -> 0 | AW68: =$D68*$F68*P68 -> 0 | AX68: =$D68*$F68*Q68 -> 0 | ... BE68: =$D68*$F68*X68 -> 0 | BG68: =$D68*$G68*J68 -> 0 | BH68: =$D68*$G68*K68 -> 0 | BI68: =$D68*$G68*L68 -> 0 | BJ68: =$D68*$G68*M68 -> 0 | BK68: =$D68*$G68*N68 -> 0 | BL68: =$D68*$G68*O68 -> 0 | BM68: =$D68*$G68*P68 -> 0 | BN68: =$D68*$G68*Q68 -> 0 | ... BU68: =$D68*$G68*X68 -> 0 | BW68: =$D68*$H68*J68 -> 0 | BX68: =$D68*$H68*K68 -> 0 | BY68: =$D68*$H68*L68 -> 0 | BZ68: =$D68*$H68*M68 -> 0 | CA68: =$D68*$H68*N68 -> 0 | CB68: =$D68*$H68*O68 -> 0 | CC68: =$D68*$H68*P68 -> 0 | CD68: =$D68*$H68*Q68 -> 0 | ... CK68: =$D68*$H68*X68 -> 0 | CM68: =$D68*$I68*J68 -> 0 | CN68: =$D68*$I68*K68 -> 0 | CO68: =$D68*$I68*L68 -> 0 | CP68: =$D68*$I68*M68 -> 0 | CQ68: =$D68*$I68*N68 -> 0 | CR68: =$D68*$I68*O68 -> 0 | CS68: =$D68*$I68*P68 -> 0 | CT68: =$D68*$I68*Q68 -> 0 | ... DA68: =$D68*$I68*X68 -> 0
A69: Pr.14 | AA69: =$D69*$E69*J69 -> 0 | AB69: =$D69*$E69*K69 -> 0 | AC69: =$D69*$E69*L69 -> 0 | AD69: =$D69*$E69*M69 -> 0 | AE69: =$D69*$E69*N69 -> 0 | AF69: =$D69*$E69*O69 -> 0 | AG69: =$D69*$E69*P69 -> 0 | AH69: =$D69*$E69*Q69 -> 0 | ... AO69: =$D69*$E69*X69 -> 0 | AQ69: =$D69*$F69*J69 -> 0 | AR69: =$D69*$F69*K69 -> 0 | AS69: =$D69*$F69*L69 -> 0 | AT69: =$D69*$F69*M69 -> 0 | AU69: =$D69*$F69*N69 -> 0 | AV69: =$D69*$F69*O69 -> 0 | AW69: =$D69*$F69*P69 -> 0 | AX69: =$D69*$F69*Q69 -> 0 | ... BE69: =$D69*$F69*X69 -> 0 | BG69: =$D69*$G69*J69 -> 0 | BH69: =$D69*$G69*K69 -> 0 | BI69: =$D69*$G69*L69 -> 0 | BJ69: =$D69*$G69*M69 -> 0 | BK69: =$D69*$G69*N69 -> 0 | BL69: =$D69*$G69*O69 -> 0 | BM69: =$D69*$G69*P69 -> 0 | BN69: =$D69*$G69*Q69 -> 0 | ... BU69: =$D69*$G69*X69 -> 0 | BW69: =$D69*$H69*J69 -> 0 | BX69: =$D69*$H69*K69 -> 0 | BY69: =$D69*$H69*L69 -> 0 | BZ69: =$D69*$H69*M69 -> 0 | CA69: =$D69*$H69*N69 -> 0 | CB69: =$D69*$H69*O69 -> 0 | CC69: =$D69*$H69*P69 -> 0 | CD69: =$D69*$H69*Q69 -> 0 | ... CK69: =$D69*$H69*X69 -> 0 | CM69: =$D69*$I69*J69 -> 0 | CN69: =$D69*$I69*K69 -> 0 | CO69: =$D69*$I69*L69 -> 0 | CP69: =$D69*$I69*M69 -> 0 | CQ69: =$D69*$I69*N69 -> 0 | CR69: =$D69*$I69*O69 -> 0 | CS69: =$D69*$I69*P69 -> 0 | CT69: =$D69*$I69*Q69 -> 0 | ... DA69: =$D69*$I69*X69 -> 0
A70: Pr.15 | AA70: =$D70*$E70*J70 -> 0 | AB70: =$D70*$E70*K70 -> 0 | AC70: =$D70*$E70*L70 -> 0 | AD70: =$D70*$E70*M70 -> 0 | AE70: =$D70*$E70*N70 -> 0 | AF70: =$D70*$E70*O70 -> 0 | AG70: =$D70*$E70*P70 -> 0 | AH70: =$D70*$E70*Q70 -> 0 | ... AO70: =$D70*$E70*X70 -> 0 | AQ70: =$D70*$F70*J70 -> 0 | AR70: =$D70*$F70*K70 -> 0 | AS70: =$D70*$F70*L70 -> 0 | AT70: =$D70*$F70*M70 -> 0 | AU70: =$D70*$F70*N70 -> 0 | AV70: =$D70*$F70*O70 -> 0 | AW70: =$D70*$F70*P70 -> 0 | AX70: =$D70*$F70*Q70 -> 0 | ... BE70: =$D70*$F70*X70 -> 0 | BG70: =$D70*$G70*J70 -> 0 | BH70: =$D70*$G70*K70 -> 0 | BI70: =$D70*$G70*L70 -> 0 | BJ70: =$D70*$G70*M70 -> 0 | BK70: =$D70*$G70*N70 -> 0 | BL70: =$D70*$G70*O70 -> 0 | BM70: =$D70*$G70*P70 -> 0 | BN70: =$D70*$G70*Q70 -> 0 | ... BU70: =$D70*$G70*X70 -> 0 | BW70: =$D70*$H70*J70 -> 0 | BX70: =$D70*$H70*K70 -> 0 | BY70: =$D70*$H70*L70 -> 0 | BZ70: =$D70*$H70*M70 -> 0 | CA70: =$D70*$H70*N70 -> 0 | CB70: =$D70*$H70*O70 -> 0 | CC70: =$D70*$H70*P70 -> 0 | CD70: =$D70*$H70*Q70 -> 0 | ... CK70: =$D70*$H70*X70 -> 0 | CM70: =$D70*$I70*J70 -> 0 | CN70: =$D70*$I70*K70 -> 0 | CO70: =$D70*$I70*L70 -> 0 | CP70: =$D70*$I70*M70 -> 0 | CQ70: =$D70*$I70*N70 -> 0 | CR70: =$D70*$I70*O70 -> 0 | CS70: =$D70*$I70*P70 -> 0 | CT70: =$D70*$I70*Q70 -> 0 | ... DA70: =$D70*$I70*X70 -> 0
A71: Pr.16 | AA71: =$D71*$E71*J71 -> 0 | AB71: =$D71*$E71*K71 -> 0 | AC71: =$D71*$E71*L71 -> 0 | AD71: =$D71*$E71*M71 -> 0 | AE71: =$D71*$E71*N71 -> 0 | AF71: =$D71*$E71*O71 -> 0 | AG71: =$D71*$E71*P71 -> 0 | AH71: =$D71*$E71*Q71 -> 0 | ... AO71: =$D71*$E71*X71 -> 0 | AQ71: =$D71*$F71*J71 -> 0 | AR71: =$D71*$F71*K71 -> 0 | AS71: =$D71*$F71*L71 -> 0 | AT71: =$D71*$F71*M71 -> 0 | AU71: =$D71*$F71*N71 -> 0 | AV71: =$D71*$F71*O71 -> 0 | AW71: =$D71*$F71*P71 -> 0 | AX71: =$D71*$F71*Q71 -> 0 | ... BE71: =$D71*$F71*X71 -> 0 | BG71: =$D71*$G71*J71 -> 0 | BH71: =$D71*$G71*K71 -> 0 | BI71: =$D71*$G71*L71 -> 0 | BJ71: =$D71*$G71*M71 -> 0 | BK71: =$D71*$G71*N71 -> 0 | BL71: =$D71*$G71*O71 -> 0 | BM71: =$D71*$G71*P71 -> 0 | BN71: =$D71*$G71*Q71 -> 0 | ... BU71: =$D71*$G71*X71 -> 0 | BW71: =$D71*$H71*J71 -> 0 | BX71: =$D71*$H71*K71 -> 0 | BY71: =$D71*$H71*L71 -> 0 | BZ71: =$D71*$H71*M71 -> 0 | CA71: =$D71*$H71*N71 -> 0 | CB71: =$D71*$H71*O71 -> 0 | CC71: =$D71*$H71*P71 -> 0 | CD71: =$D71*$H71*Q71 -> 0 | ... CK71: =$D71*$H71*X71 -> 0 | CM71: =$D71*$I71*J71 -> 0 | CN71: =$D71*$I71*K71 -> 0 | CO71: =$D71*$I71*L71 -> 0 | CP71: =$D71*$I71*M71 -> 0 | CQ71: =$D71*$I71*N71 -> 0 | CR71: =$D71*$I71*O71 -> 0 | CS71: =$D71*$I71*P71 -> 0 | CT71: =$D71*$I71*Q71 -> 0 | ... DA71: =$D71*$I71*X71 -> 0
AA72: =$D72*$E72*J72 -> 0 | AB72: =$D72*$E72*K72 -> 0 | AC72: =$D72*$E72*L72 -> 0 | AD72: =$D72*$E72*M72 -> 0 | AE72: =$D72*$E72*N72 -> 0 | AF72: =$D72*$E72*O72 -> 0 | AG72: =$D72*$E72*P72 -> 0 | AH72: =$D72*$E72*Q72 -> 0 | ... AO72: =$D72*$E72*X72 -> 0 | AQ72: =$D72*$F72*J72 -> 0 | AR72: =$D72*$F72*K72 -> 0 | AS72: =$D72*$F72*L72 -> 0 | AT72: =$D72*$F72*M72 -> 0 | AU72: =$D72*$F72*N72 -> 0 | AV72: =$D72*$F72*O72 -> 0 | AW72: =$D72*$F72*P72 -> 0 | AX72: =$D72*$F72*Q72 -> 0 | ... BE72: =$D72*$F72*X72 -> 0 | BG72: =$D72*$G72*J72 -> 0 | BH72: =$D72*$G72*K72 -> 0 | BI72: =$D72*$G72*L72 -> 0 | BJ72: =$D72*$G72*M72 -> 0 | BK72: =$D72*$G72*N72 -> 0 | BL72: =$D72*$G72*O72 -> 0 | BM72: =$D72*$G72*P72 -> 0 | BN72: =$D72*$G72*Q72 -> 0 | ... BU72: =$D72*$G72*X72 -> 0 | BW72: =$D72*$H72*J72 -> 0 | BX72: =$D72*$H72*K72 -> 0 | BY72: =$D72*$H72*L72 -> 0 | BZ72: =$D72*$H72*M72 -> 0 | CA72: =$D72*$H72*N72 -> 0 | CB72: =$D72*$H72*O72 -> 0 | CC72: =$D72*$H72*P72 -> 0 | CD72: =$D72*$H72*Q72 -> 0 | ... CK72: =$D72*$H72*X72 -> 0 | CM72: =$D72*$I72*J72 -> 0 | CN72: =$D72*$I72*K72 -> 0 | CO72: =$D72*$I72*L72 -> 0 | CP72: =$D72*$I72*M72 -> 0 | CQ72: =$D72*$I72*N72 -> 0 | CR72: =$D72*$I72*O72 -> 0 | CS72: =$D72*$I72*P72 -> 0 | CT72: =$D72*$I72*Q72 -> 0 | ... DA72: =$D72*$I72*X72 -> 0
AA73: =$D73*$E73*J73 -> 0 | AB73: =$D73*$E73*K73 -> 0 | AC73: =$D73*$E73*L73 -> 0 | AD73: =$D73*$E73*M73 -> 0 | AE73: =$D73*$E73*N73 -> 0 | AF73: =$D73*$E73*O73 -> 0 | AG73: =$D73*$E73*P73 -> 0 | AH73: =$D73*$E73*Q73 -> 0 | ... AO73: =$D73*$E73*X73 -> 0 | AQ73: =$D73*$F73*J73 -> 0 | AR73: =$D73*$F73*K73 -> 0 | AS73: =$D73*$F73*L73 -> 0 | AT73: =$D73*$F73*M73 -> 0 | AU73: =$D73*$F73*N73 -> 0 | AV73: =$D73*$F73*O73 -> 0 | AW73: =$D73*$F73*P73 -> 0 | AX73: =$D73*$F73*Q73 -> 0 | ... BE73: =$D73*$F73*X73 -> 0 | BG73: =$D73*$G73*J73 -> 0 | BH73: =$D73*$G73*K73 -> 0 | BI73: =$D73*$G73*L73 -> 0 | BJ73: =$D73*$G73*M73 -> 0 | BK73: =$D73*$G73*N73 -> 0 | BL73: =$D73*$G73*O73 -> 0 | BM73: =$D73*$G73*P73 -> 0 | BN73: =$D73*$G73*Q73 -> 0 | ... BU73: =$D73*$G73*X73 -> 0 | BW73: =$D73*$H73*J73 -> 0 | BX73: =$D73*$H73*K73 -> 0 | BY73: =$D73*$H73*L73 -> 0 | BZ73: =$D73*$H73*M73 -> 0 | CA73: =$D73*$H73*N73 -> 0 | CB73: =$D73*$H73*O73 -> 0 | CC73: =$D73*$H73*P73 -> 0 | CD73: =$D73*$H73*Q73 -> 0 | ... CK73: =$D73*$H73*X73 -> 0 | CM73: =$D73*$I73*J73 -> 0 | CN73: =$D73*$I73*K73 -> 0 | CO73: =$D73*$I73*L73 -> 0 | CP73: =$D73*$I73*M73 -> 0 | CQ73: =$D73*$I73*N73 -> 0 | CR73: =$D73*$I73*O73 -> 0 | CS73: =$D73*$I73*P73 -> 0 | CT73: =$D73*$I73*Q73 -> 0 | ... DA73: =$D73*$I73*X73 -> 0
AA74: =$D74*$E74*J74 -> 0 | AB74: =$D74*$E74*K74 -> 0 | AC74: =$D74*$E74*L74 -> 0 | AD74: =$D74*$E74*M74 -> 0 | AE74: =$D74*$E74*N74 -> 0 | AF74: =$D74*$E74*O74 -> 0 | AG74: =$D74*$E74*P74 -> 0 | AH74: =$D74*$E74*Q74 -> 0 | ... AO74: =$D74*$E74*X74 -> 0 | AQ74: =$D74*$F74*J74 -> 0 | AR74: =$D74*$F74*K74 -> 0 | AS74: =$D74*$F74*L74 -> 0 | AT74: =$D74*$F74*M74 -> 0 | AU74: =$D74*$F74*N74 -> 0 | AV74: =$D74*$F74*O74 -> 0 | AW74: =$D74*$F74*P74 -> 0 | AX74: =$D74*$F74*Q74 -> 0 | ... BE74: =$D74*$F74*X74 -> 0 | BG74: =$D74*$G74*J74 -> 0 | BH74: =$D74*$G74*K74 -> 0 | BI74: =$D74*$G74*L74 -> 0 | BJ74: =$D74*$G74*M74 -> 0 | BK74: =$D74*$G74*N74 -> 0 | BL74: =$D74*$G74*O74 -> 0 | BM74: =$D74*$G74*P74 -> 0 | BN74: =$D74*$G74*Q74 -> 0 | ... BU74: =$D74*$G74*X74 -> 0 | BW74: =$D74*$H74*J74 -> 0 | BX74: =$D74*$H74*K74 -> 0 | BY74: =$D74*$H74*L74 -> 0 | BZ74: =$D74*$H74*M74 -> 0 | CA74: =$D74*$H74*N74 -> 0 | CB74: =$D74*$H74*O74 -> 0 | CC74: =$D74*$H74*P74 -> 0 | CD74: =$D74*$H74*Q74 -> 0 | ... CK74: =$D74*$H74*X74 -> 0 | CM74: =$D74*$I74*J74 -> 0 | CN74: =$D74*$I74*K74 -> 0 | CO74: =$D74*$I74*L74 -> 0 | CP74: =$D74*$I74*M74 -> 0 | CQ74: =$D74*$I74*N74 -> 0 | CR74: =$D74*$I74*O74 -> 0 | CS74: =$D74*$I74*P74 -> 0 | CT74: =$D74*$I74*Q74 -> 0 | ... DA74: =$D74*$I74*X74 -> 0
AA75: =$D75*$E75*J75 -> 0 | AB75: =$D75*$E75*K75 -> 0 | AC75: =$D75*$E75*L75 -> 0 | AD75: =$D75*$E75*M75 -> 0 | AE75: =$D75*$E75*N75 -> 0 | AF75: =$D75*$E75*O75 -> 0 | AG75: =$D75*$E75*P75 -> 0 | AH75: =$D75*$E75*Q75 -> 0 | ... AO75: =$D75*$E75*X75 -> 0 | AQ75: =$D75*$F75*J75 -> 0 | AR75: =$D75*$F75*K75 -> 0 | AS75: =$D75*$F75*L75 -> 0 | AT75: =$D75*$F75*M75 -> 0 | AU75: =$D75*$F75*N75 -> 0 | AV75: =$D75*$F75*O75 -> 0 | AW75: =$D75*$F75*P75 -> 0 | AX75: =$D75*$F75*Q75 -> 0 | ... BE75: =$D75*$F75*X75 -> 0 | BG75: =$D75*$G75*J75 -> 0 | BH75: =$D75*$G75*K75 -> 0 | BI75: =$D75*$G75*L75 -> 0 | BJ75: =$D75*$G75*M75 -> 0 | BK75: =$D75*$G75*N75 -> 0 | BL75: =$D75*$G75*O75 -> 0 | BM75: =$D75*$G75*P75 -> 0 | BN75: =$D75*$G75*Q75 -> 0 | ... BU75: =$D75*$G75*X75 -> 0 | BW75: =$D75*$H75*J75 -> 0 | BX75: =$D75*$H75*K75 -> 0 | BY75: =$D75*$H75*L75 -> 0 | BZ75: =$D75*$H75*M75 -> 0 | CA75: =$D75*$H75*N75 -> 0 | CB75: =$D75*$H75*O75 -> 0 | CC75: =$D75*$H75*P75 -> 0 | CD75: =$D75*$H75*Q75 -> 0 | ... CK75: =$D75*$H75*X75 -> 0 | CM75: =$D75*$I75*J75 -> 0 | CN75: =$D75*$I75*K75 -> 0 | CO75: =$D75*$I75*L75 -> 0 | CP75: =$D75*$I75*M75 -> 0 | CQ75: =$D75*$I75*N75 -> 0 | CR75: =$D75*$I75*O75 -> 0 | CS75: =$D75*$I75*P75 -> 0 | CT75: =$D75*$I75*Q75 -> 0 | ... DA75: =$D75*$I75*X75 -> 0
AA76: =$D76*$E76*J76 -> 0 | AB76: =$D76*$E76*K76 -> 0 | AC76: =$D76*$E76*L76 -> 0 | AD76: =$D76*$E76*M76 -> 0 | AE76: =$D76*$E76*N76 -> 0 | AF76: =$D76*$E76*O76 -> 0 | AG76: =$D76*$E76*P76 -> 0 | AH76: =$D76*$E76*Q76 -> 0 | ... AO76: =$D76*$E76*X76 -> 0 | AQ76: =$D76*$F76*J76 -> 0 | AR76: =$D76*$F76*K76 -> 0 | AS76: =$D76*$F76*L76 -> 0 | AT76: =$D76*$F76*M76 -> 0 | AU76: =$D76*$F76*N76 -> 0 | AV76: =$D76*$F76*O76 -> 0 | AW76: =$D76*$F76*P76 -> 0 | AX76: =$D76*$F76*Q76 -> 0 | ... BE76: =$D76*$F76*X76 -> 0 | BG76: =$D76*$G76*J76 -> 0 | BH76: =$D76*$G76*K76 -> 0 | BI76: =$D76*$G76*L76 -> 0 | BJ76: =$D76*$G76*M76 -> 0 | BK76: =$D76*$G76*N76 -> 0 | BL76: =$D76*$G76*O76 -> 0 | BM76: =$D76*$G76*P76 -> 0 | BN76: =$D76*$G76*Q76 -> 0 | ... BU76: =$D76*$G76*X76 -> 0 | BW76: =$D76*$H76*J76 -> 0 | BX76: =$D76*$H76*K76 -> 0 | BY76: =$D76*$H76*L76 -> 0 | BZ76: =$D76*$H76*M76 -> 0 | CA76: =$D76*$H76*N76 -> 0 | CB76: =$D76*$H76*O76 -> 0 | CC76: =$D76*$H76*P76 -> 0 | CD76: =$D76*$H76*Q76 -> 0 | ... CK76: =$D76*$H76*X76 -> 0 | CM76: =$D76*$I76*J76 -> 0 | CN76: =$D76*$I76*K76 -> 0 | CO76: =$D76*$I76*L76 -> 0 | CP76: =$D76*$I76*M76 -> 0 | CQ76: =$D76*$I76*N76 -> 0 | CR76: =$D76*$I76*O76 -> 0 | CS76: =$D76*$I76*P76 -> 0 | CT76: =$D76*$I76*Q76 -> 0 | ... DA76: =$D76*$I76*X76 -> 0
AA77: =$D77*$E77*J77 -> 0 | AB77: =$D77*$E77*K77 -> 0 | AC77: =$D77*$E77*L77 -> 0 | AD77: =$D77*$E77*M77 -> 0 | AE77: =$D77*$E77*N77 -> 0 | AF77: =$D77*$E77*O77 -> 0 | AG77: =$D77*$E77*P77 -> 0 | AH77: =$D77*$E77*Q77 -> 0 | ... AO77: =$D77*$E77*X77 -> 0 | AQ77: =$D77*$F77*J77 -> 0 | AR77: =$D77*$F77*K77 -> 0 | AS77: =$D77*$F77*L77 -> 0 | AT77: =$D77*$F77*M77 -> 0 | AU77: =$D77*$F77*N77 -> 0 | AV77: =$D77*$F77*O77 -> 0 | AW77: =$D77*$F77*P77 -> 0 | AX77: =$D77*$F77*Q77 -> 0 | ... BE77: =$D77*$F77*X77 -> 0 | BG77: =$D77*$G77*J77 -> 0 | BH77: =$D77*$G77*K77 -> 0 | BI77: =$D77*$G77*L77 -> 0 | BJ77: =$D77*$G77*M77 -> 0 | BK77: =$D77*$G77*N77 -> 0 | BL77: =$D77*$G77*O77 -> 0 | BM77: =$D77*$G77*P77 -> 0 | BN77: =$D77*$G77*Q77 -> 0 | ... BU77: =$D77*$G77*X77 -> 0 | BW77: =$D77*$H77*J77 -> 0 | BX77: =$D77*$H77*K77 -> 0 | BY77: =$D77*$H77*L77 -> 0 | BZ77: =$D77*$H77*M77 -> 0 | CA77: =$D77*$H77*N77 -> 0 | CB77: =$D77*$H77*O77 -> 0 | CC77: =$D77*$H77*P77 -> 0 | CD77: =$D77*$H77*Q77 -> 0 | ... CK77: =$D77*$H77*X77 -> 0 | CM77: =$D77*$I77*J77 -> 0 | CN77: =$D77*$I77*K77 -> 0 | CO77: =$D77*$I77*L77 -> 0 | CP77: =$D77*$I77*M77 -> 0 | CQ77: =$D77*$I77*N77 -> 0 | CR77: =$D77*$I77*O77 -> 0 | CS77: =$D77*$I77*P77 -> 0 | CT77: =$D77*$I77*Q77 -> 0 | ... DA77: =$D77*$I77*X77 -> 0
AA78: =$D78*$E78*J78 -> 0 | AB78: =$D78*$E78*K78 -> 0 | AC78: =$D78*$E78*L78 -> 0 | AD78: =$D78*$E78*M78 -> 0 | AE78: =$D78*$E78*N78 -> 0 | AF78: =$D78*$E78*O78 -> 0 | AG78: =$D78*$E78*P78 -> 0 | AH78: =$D78*$E78*Q78 -> 0 | ... AO78: =$D78*$E78*X78 -> 0 | AQ78: =$D78*$F78*J78 -> 0 | AR78: =$D78*$F78*K78 -> 0 | AS78: =$D78*$F78*L78 -> 0 | AT78: =$D78*$F78*M78 -> 0 | AU78: =$D78*$F78*N78 -> 0 | AV78: =$D78*$F78*O78 -> 0 | AW78: =$D78*$F78*P78 -> 0 | AX78: =$D78*$F78*Q78 -> 0 | ... BE78: =$D78*$F78*X78 -> 0 | BG78: =$D78*$G78*J78 -> 0 | BH78: =$D78*$G78*K78 -> 0 | BI78: =$D78*$G78*L78 -> 0 | BJ78: =$D78*$G78*M78 -> 0 | BK78: =$D78*$G78*N78 -> 0 | BL78: =$D78*$G78*O78 -> 0 | BM78: =$D78*$G78*P78 -> 0 | BN78: =$D78*$G78*Q78 -> 0 | ... BU78: =$D78*$G78*X78 -> 0 | BW78: =$D78*$H78*J78 -> 0 | BX78: =$D78*$H78*K78 -> 0 | BY78: =$D78*$H78*L78 -> 0 | BZ78: =$D78*$H78*M78 -> 0 | CA78: =$D78*$H78*N78 -> 0 | CB78: =$D78*$H78*O78 -> 0 | CC78: =$D78*$H78*P78 -> 0 | CD78: =$D78*$H78*Q78 -> 0 | ... CK78: =$D78*$H78*X78 -> 0 | CM78: =$D78*$I78*J78 -> 0 | CN78: =$D78*$I78*K78 -> 0 | CO78: =$D78*$I78*L78 -> 0 | CP78: =$D78*$I78*M78 -> 0 | CQ78: =$D78*$I78*N78 -> 0 | CR78: =$D78*$I78*O78 -> 0 | CS78: =$D78*$I78*P78 -> 0 | CT78: =$D78*$I78*Q78 -> 0 | ... DA78: =$D78*$I78*X78 -> 0
AA79: =$D79*$E79*J79 -> 0 | AB79: =$D79*$E79*K79 -> 0 | AC79: =$D79*$E79*L79 -> 0 | AD79: =$D79*$E79*M79 -> 0 | AE79: =$D79*$E79*N79 -> 0 | AF79: =$D79*$E79*O79 -> 0 | AG79: =$D79*$E79*P79 -> 0 | AH79: =$D79*$E79*Q79 -> 0 | ... AO79: =$D79*$E79*X79 -> 0 | AQ79: =$D79*$F79*J79 -> 0 | AR79: =$D79*$F79*K79 -> 0 | AS79: =$D79*$F79*L79 -> 0 | AT79: =$D79*$F79*M79 -> 0 | AU79: =$D79*$F79*N79 -> 0 | AV79: =$D79*$F79*O79 -> 0 | AW79: =$D79*$F79*P79 -> 0 | AX79: =$D79*$F79*Q79 -> 0 | ... BE79: =$D79*$F79*X79 -> 0 | BG79: =$D79*$G79*J79 -> 0 | BH79: =$D79*$G79*K79 -> 0 | BI79: =$D79*$G79*L79 -> 0 | BJ79: =$D79*$G79*M79 -> 0 | BK79: =$D79*$G79*N79 -> 0 | BL79: =$D79*$G79*O79 -> 0 | BM79: =$D79*$G79*P79 -> 0 | BN79: =$D79*$G79*Q79 -> 0 | ... BU79: =$D79*$G79*X79 -> 0 | BW79: =$D79*$H79*J79 -> 0 | BX79: =$D79*$H79*K79 -> 0 | BY79: =$D79*$H79*L79 -> 0 | BZ79: =$D79*$H79*M79 -> 0 | CA79: =$D79*$H79*N79 -> 0 | CB79: =$D79*$H79*O79 -> 0 | CC79: =$D79*$H79*P79 -> 0 | CD79: =$D79*$H79*Q79 -> 0 | ... CK79: =$D79*$H79*X79 -> 0 | CM79: =$D79*$I79*J79 -> 0 | CN79: =$D79*$I79*K79 -> 0 | CO79: =$D79*$I79*L79 -> 0 | CP79: =$D79*$I79*M79 -> 0 | CQ79: =$D79*$I79*N79 -> 0 | CR79: =$D79*$I79*O79 -> 0 | CS79: =$D79*$I79*P79 -> 0 | CT79: =$D79*$I79*Q79 -> 0 | ... DA79: =$D79*$I79*X79 -> 0
AA80: =$D80*$E80*J80 -> 0 | AB80: =$D80*$E80*K80 -> 0 | AC80: =$D80*$E80*L80 -> 0 | AD80: =$D80*$E80*M80 -> 0 | AE80: =$D80*$E80*N80 -> 0 | AF80: =$D80*$E80*O80 -> 0 | AG80: =$D80*$E80*P80 -> 0 | AH80: =$D80*$E80*Q80 -> 0 | ... AO80: =$D80*$E80*X80 -> 0 | AQ80: =$D80*$F80*J80 -> 0 | AR80: =$D80*$F80*K80 -> 0 | AS80: =$D80*$F80*L80 -> 0 | AT80: =$D80*$F80*M80 -> 0 | AU80: =$D80*$F80*N80 -> 0 | AV80: =$D80*$F80*O80 -> 0 | AW80: =$D80*$F80*P80 -> 0 | AX80: =$D80*$F80*Q80 -> 0 | ... BE80: =$D80*$F80*X80 -> 0 | BG80: =$D80*$G80*J80 -> 0 | BH80: =$D80*$G80*K80 -> 0 | BI80: =$D80*$G80*L80 -> 0 | BJ80: =$D80*$G80*M80 -> 0 | BK80: =$D80*$G80*N80 -> 0 | BL80: =$D80*$G80*O80 -> 0 | BM80: =$D80*$G80*P80 -> 0 | BN80: =$D80*$G80*Q80 -> 0 | ... BU80: =$D80*$G80*X80 -> 0 | BW80: =$D80*$H80*J80 -> 0 | BX80: =$D80*$H80*K80 -> 0 | BY80: =$D80*$H80*L80 -> 0 | BZ80: =$D80*$H80*M80 -> 0 | CA80: =$D80*$H80*N80 -> 0 | CB80: =$D80*$H80*O80 -> 0 | CC80: =$D80*$H80*P80 -> 0 | CD80: =$D80*$H80*Q80 -> 0 | ... CK80: =$D80*$H80*X80 -> 0 | CM80: =$D80*$I80*J80 -> 0 | CN80: =$D80*$I80*K80 -> 0 | CO80: =$D80*$I80*L80 -> 0 | CP80: =$D80*$I80*M80 -> 0 | CQ80: =$D80*$I80*N80 -> 0 | CR80: =$D80*$I80*O80 -> 0 | CS80: =$D80*$I80*P80 -> 0 | CT80: =$D80*$I80*Q80 -> 0 | ... DA80: =$D80*$I80*X80 -> 0
AA81: =$D81*$E81*J81 -> 0 | AB81: =$D81*$E81*K81 -> 0 | AC81: =$D81*$E81*L81 -> 0 | AD81: =$D81*$E81*M81 -> 0 | AE81: =$D81*$E81*N81 -> 0 | AF81: =$D81*$E81*O81 -> 0 | AG81: =$D81*$E81*P81 -> 0 | AH81: =$D81*$E81*Q81 -> 0 | ... AO81: =$D81*$E81*X81 -> 0 | AQ81: =$D81*$F81*J81 -> 0 | AR81: =$D81*$F81*K81 -> 0 | AS81: =$D81*$F81*L81 -> 0 | AT81: =$D81*$F81*M81 -> 0 | AU81: =$D81*$F81*N81 -> 0 | AV81: =$D81*$F81*O81 -> 0 | AW81: =$D81*$F81*P81 -> 0 | AX81: =$D81*$F81*Q81 -> 0 | ... BE81: =$D81*$F81*X81 -> 0 | BG81: =$D81*$G81*J81 -> 0 | BH81: =$D81*$G81*K81 -> 0 | BI81: =$D81*$G81*L81 -> 0 | BJ81: =$D81*$G81*M81 -> 0 | BK81: =$D81*$G81*N81 -> 0 | BL81: =$D81*$G81*O81 -> 0 | BM81: =$D81*$G81*P81 -> 0 | BN81: =$D81*$G81*Q81 -> 0 | ... BU81: =$D81*$G81*X81 -> 0 | BW81: =$D81*$H81*J81 -> 0 | BX81: =$D81*$H81*K81 -> 0 | BY81: =$D81*$H81*L81 -> 0 | BZ81: =$D81*$H81*M81 -> 0 | CA81: =$D81*$H81*N81 -> 0 | CB81: =$D81*$H81*O81 -> 0 | CC81: =$D81*$H81*P81 -> 0 | CD81: =$D81*$H81*Q81 -> 0 | ... CK81: =$D81*$H81*X81 -> 0 | CM81: =$D81*$I81*J81 -> 0 | CN81: =$D81*$I81*K81 -> 0 | CO81: =$D81*$I81*L81 -> 0 | CP81: =$D81*$I81*M81 -> 0 | CQ81: =$D81*$I81*N81 -> 0 | CR81: =$D81*$I81*O81 -> 0 | CS81: =$D81*$I81*P81 -> 0 | CT81: =$D81*$I81*Q81 -> 0 | ... DA81: =$D81*$I81*X81 -> 0
AA82: =$D82*$E82*J82 -> 0 | AB82: =$D82*$E82*K82 -> 0 | AC82: =$D82*$E82*L82 -> 0 | AD82: =$D82*$E82*M82 -> 0 | AE82: =$D82*$E82*N82 -> 0 | AF82: =$D82*$E82*O82 -> 0 | AG82: =$D82*$E82*P82 -> 0 | AH82: =$D82*$E82*Q82 -> 0 | ... AO82: =$D82*$E82*X82 -> 0 | AQ82: =$D82*$F82*J82 -> 0 | AR82: =$D82*$F82*K82 -> 0 | AS82: =$D82*$F82*L82 -> 0 | AT82: =$D82*$F82*M82 -> 0 | AU82: =$D82*$F82*N82 -> 0 | AV82: =$D82*$F82*O82 -> 0 | AW82: =$D82*$F82*P82 -> 0 | AX82: =$D82*$F82*Q82 -> 0 | ... BE82: =$D82*$F82*X82 -> 0 | BG82: =$D82*$G82*J82 -> 0 | BH82: =$D82*$G82*K82 -> 0 | BI82: =$D82*$G82*L82 -> 0 | BJ82: =$D82*$G82*M82 -> 0 | BK82: =$D82*$G82*N82 -> 0 | BL82: =$D82*$G82*O82 -> 0 | BM82: =$D82*$G82*P82 -> 0 | BN82: =$D82*$G82*Q82 -> 0 | ... BU82: =$D82*$G82*X82 -> 0 | BW82: =$D82*$H82*J82 -> 0 | BX82: =$D82*$H82*K82 -> 0 | BY82: =$D82*$H82*L82 -> 0 | BZ82: =$D82*$H82*M82 -> 0 | CA82: =$D82*$H82*N82 -> 0 | CB82: =$D82*$H82*O82 -> 0 | CC82: =$D82*$H82*P82 -> 0 | CD82: =$D82*$H82*Q82 -> 0 | ... CK82: =$D82*$H82*X82 -> 0 | CM82: =$D82*$I82*J82 -> 0 | CN82: =$D82*$I82*K82 -> 0 | CO82: =$D82*$I82*L82 -> 0 | CP82: =$D82*$I82*M82 -> 0 | CQ82: =$D82*$I82*N82 -> 0 | CR82: =$D82*$I82*O82 -> 0 | CS82: =$D82*$I82*P82 -> 0 | CT82: =$D82*$I82*Q82 -> 0 | ... DA82: =$D82*$I82*X82 -> 0
AA83: =$D83*$E83*J83 -> 0 | AB83: =$D83*$E83*K83 -> 0 | AC83: =$D83*$E83*L83 -> 0 | AD83: =$D83*$E83*M83 -> 0 | AE83: =$D83*$E83*N83 -> 0 | AF83: =$D83*$E83*O83 -> 0 | AG83: =$D83*$E83*P83 -> 0 | AH83: =$D83*$E83*Q83 -> 0 | ... AO83: =$D83*$E83*X83 -> 0 | AQ83: =$D83*$F83*J83 -> 0 | AR83: =$D83*$F83*K83 -> 0 | AS83: =$D83*$F83*L83 -> 0 | AT83: =$D83*$F83*M83 -> 0 | AU83: =$D83*$F83*N83 -> 0 | AV83: =$D83*$F83*O83 -> 0 | AW83: =$D83*$F83*P83 -> 0 | AX83: =$D83*$F83*Q83 -> 0 | ... BE83: =$D83*$F83*X83 -> 0 | BG83: =$D83*$G83*J83 -> 0 | BH83: =$D83*$G83*K83 -> 0 | BI83: =$D83*$G83*L83 -> 0 | BJ83: =$D83*$G83*M83 -> 0 | BK83: =$D83*$G83*N83 -> 0 | BL83: =$D83*$G83*O83 -> 0 | BM83: =$D83*$G83*P83 -> 0 | BN83: =$D83*$G83*Q83 -> 0 | ... BU83: =$D83*$G83*X83 -> 0 | BW83: =$D83*$H83*J83 -> 0 | BX83: =$D83*$H83*K83 -> 0 | BY83: =$D83*$H83*L83 -> 0 | BZ83: =$D83*$H83*M83 -> 0 | CA83: =$D83*$H83*N83 -> 0 | CB83: =$D83*$H83*O83 -> 0 | CC83: =$D83*$H83*P83 -> 0 | CD83: =$D83*$H83*Q83 -> 0 | ... CK83: =$D83*$H83*X83 -> 0 | CM83: =$D83*$I83*J83 -> 0 | CN83: =$D83*$I83*K83 -> 0 | CO83: =$D83*$I83*L83 -> 0 | CP83: =$D83*$I83*M83 -> 0 | CQ83: =$D83*$I83*N83 -> 0 | CR83: =$D83*$I83*O83 -> 0 | CS83: =$D83*$I83*P83 -> 0 | CT83: =$D83*$I83*Q83 -> 0 | ... DA83: =$D83*$I83*X83 -> 0
... AA113: =$D113*$E113*J113 -> 0 | AB113: =$D113*$E113*K113 -> 0 | AC113: =$D113*$E113*L113 -> 0 | AD113: =$D113*$E113*M113 -> 0 | AE113: =$D113*$E113*N113 -> 0 | AF113: =$D113*$E113*O113 -> 0 | AG113: =$D113*$E113*P113 -> 0 | AH113: =$D113*$E113*Q113 -> 0 | ... AO113: =$D113*$E113*X113 -> 0 | AQ113: =$D113*$F113*J113 -> 0 | AR113: =$D113*$F113*K113 -> 0 | AS113: =$D113*$F113*L113 -> 0 | AT113: =$D113*$F113*M113 -> 0 | AU113: =$D113*$F113*N113 -> 0 | AV113: =$D113*$F113*O113 -> 0 | AW113: =$D113*$F113*P113 -> 0 | AX113: =$D113*$F113*Q113 -> 0 | ... BE113: =$D113*$F113*X113 -> 0 | BG113: =$D113*$G113*J113 -> 0 | BH113: =$D113*$G113*K113 -> 0 | BI113: =$D113*$G113*L113 -> 0 | BJ113: =$D113*$G113*M113 -> 0 | BK113: =$D113*$G113*N113 -> 0 | BL113: =$D113*$G113*O113 -> 0 | BM113: =$D113*$G113*P113 -> 0 | BN113: =$D113*$G113*Q113 -> 0 | ... BU113: =$D113*$G113*X113 -> 0 | BW113: =$D113*$H113*J113 -> 0 | BX113: =$D113*$H113*K113 -> 0 | BY113: =$D113*$H113*L113 -> 0 | BZ113: =$D113*$H113*M113 -> 0 | CA113: =$D113*$H113*N113 -> 0 | CB113: =$D113*$H113*O113 -> 0 | CC113: =$D113*$H113*P113 -> 0 | CD113: =$D113*$H113*Q113 -> 0 | ... CK113: =$D113*$H113*X113 -> 0 | CM113: =$D113*$I113*J113 -> 0 | CN113: =$D113*$I113*K113 -> 0 | CO113: =$D113*$I113*L113 -> 0 | CP113: =$D113*$I113*M113 -> 0 | CQ113: =$D113*$I113*N113 -> 0 | CR113: =$D113*$I113*O113 -> 0 | CS113: =$D113*$I113*P113 -> 0 | CT113: =$D113*$I113*Q113 -> 0 | ... DA113: =$D113*$I113*X113 -> 0

Sheet Lesson Planning
B1: L. D. College of Engineering Ahmedabad Lesson Plan
A3: Subject: | B3: =CONCATENATE('[1]Input Data'!B1:D1, "(", '[1]Input Data'!B2, " )") -> Analog and Digital Engineering(BE03009011 )
A4: Faculty: | B4: ='[1]Input Data'!B4 -> Nupur Sinha, M. N. Priyadarshi
A5: Term Dates: | B5: ='[1]Input Data'!B5 -> 14/07/2025 to 02/12/2025 (ODD Term 2025-26)
A7: Sr No | B7: Content | C7: Hours | D7: Lectures | E7: Planned | F7: Actual
A8: =COPO_Th_Pr_Oth!A5 -> Unit 1 | B8: =COPO_Th_Pr_Oth!B5 -> Differential, multi-stage and operational amplifiers | C8: =SUM(D9:D15) -> 8 | D8: 0
A9: =COPO_Th_Pr_Oth!A6 -> 1.1 | B9: =COPO_Th_Pr_Oth!B6 -> Differential Amplifier | D9: =IF(COPO_Th_Pr_Oth!C6="Th",COPO_Th_Pr_Oth!D6,0) -> 2
A10: =COPO_Th_Pr_Oth!A7 -> 1.2 | B10: =COPO_Th_Pr_Oth!B7 -> Power Amplifier | D10: =IF(COPO_Th_Pr_Oth!C7="Th",COPO_Th_Pr_Oth!D7,0) -> 1
A11: =COPO_Th_Pr_Oth!A8 -> 1.3 | B11: =COPO_Th_Pr_Oth!B8 -> Direct Coupled Multi-Stage Amplifier | D11: =IF(COPO_Th_Pr_Oth!C8="Th",COPO_Th_Pr_Oth!D8,0) -> 1
A12: =COPO_Th_Pr_Oth!A9 -> 1.4 | B12: =COPO_Th_Pr_Oth!B9 -> Internal Structure of an Operational Amplifier | D12: =IF(COPO_Th_Pr_Oth!C9="Th",COPO_Th_Pr_Oth!D9,0) -> 1
A13: =COPO_Th_Pr_Oth!A10 -> 1.5 | B13: =COPO_Th_Pr_Oth!B10 -> Ideal Op-Amp, Non-Idealities in an Op-Amp | D13: =IF(COPO_Th_Pr_Oth!C10="Th",COPO_Th_Pr_Oth!D10,0) -> 1
A14: =COPO_Th_Pr_Oth!A11 -> 1.6 | B14: =COPO_Th_Pr_Oth!B11 -> Output Offset Voltage, Input Bias Current | D14: =IF(COPO_Th_Pr_Oth!C11="Th",COPO_Th_Pr_Oth!D11,0) -> 1
A15: =COPO_Th_Pr_Oth!A12 -> 1.7 | B15: =COPO_Th_Pr_Oth!B12 -> Input Offset Current, Slew Rate, Gain Bandwidth Product | D15: =IF(COPO_Th_Pr_Oth!C12="Th",COPO_Th_Pr_Oth!D12,0) -> 1
A16: =COPO_Th_Pr_Oth!A13 -> Unit 2 | B16: =COPO_Th_Pr_Oth!B13 -> Linear applications of op-amp | C16: =SUM(D17:D22) -> 6 | D16: =IF(COPO_Th_Pr_Oth!C13="Th",COPO_Th_Pr_Oth!D13,0) -> 0
A17: =COPO_Th_Pr_Oth!A14 -> 2.1 | B17: =COPO_Th_Pr_Oth!B14 -> Idealized Analysis of Op-Amp Circuits | D17: =IF(COPO_Th_Pr_Oth!C14="Th",COPO_Th_Pr_Oth!D14,0) -> 1
A18: =COPO_Th_Pr_Oth!A15 -> 2.2 | B18: =COPO_Th_Pr_Oth!B15 -> Inverting and Non-Inverting Amplifier | D18: =IF(COPO_Th_Pr_Oth!C15="Th",COPO_Th_Pr_Oth!D15,0) -> 1
A19: =COPO_Th_Pr_Oth!A16 -> 2.3 | B19: =COPO_Th_Pr_Oth!B16 -> Differential Amplifier, Instrumentation Amplifier | D19: =IF(COPO_Th_Pr_Oth!C16="Th",COPO_Th_Pr_Oth!D16,0) -> 1
A20: =COPO_Th_Pr_Oth!A17 -> 2.4 | B20: =COPO_Th_Pr_Oth!B17 -> Integrator and Differentiator | D20: =IF(COPO_Th_Pr_Oth!C17="Th",COPO_Th_Pr_Oth!D17,0) -> 1
A21: =COPO_Th_Pr_Oth!A18 -> 2.5 | B21: =COPO_Th_Pr_Oth!B18 -> Active Filter, Voltage regulator | D21: =IF(COPO_Th_Pr_Oth!C18="Th",COPO_Th_Pr_Oth!D18,0) -> 1
A22: =COPO_Th_Pr_Oth!A19 -> 2.6 | B22: =COPO_Th_Pr_Oth!B19 -> Oscillators (Wein Bridge and Phase Shift) | D22: =IF(COPO_Th_Pr_Oth!C19="Th",COPO_Th_Pr_Oth!D19,0) -> 1
A23: =COPO_Th_Pr_Oth!A20 -> Unit 3 | B23: =COPO_Th_Pr_Oth!B20 -> Nonlinear applications of op-amp | C23: =SUM(D24:D29) -> 6 | D23: =IF(COPO_Th_Pr_Oth!C20="Th",COPO_Th_Pr_Oth!D20,0) -> 0
A24: =COPO_Th_Pr_Oth!A21 -> 3.1 | B24: =COPO_Th_Pr_Oth!B21 -> Hysteretic Comparator | D24: =IF(COPO_Th_Pr_Oth!C21="Th",COPO_Th_Pr_Oth!D21,0) -> 1
A25: =COPO_Th_Pr_Oth!A22 -> 3.2 | B25: =COPO_Th_Pr_Oth!B22 -> Zero Crossing Detector | D25: =IF(COPO_Th_Pr_Oth!C22="Th",COPO_Th_Pr_Oth!D22,0) -> 1
A26: =COPO_Th_Pr_Oth!A23 -> 3.3 | B26: =COPO_Th_Pr_Oth!B23 -> Square-wave generators | D26: =IF(COPO_Th_Pr_Oth!C23="Th",COPO_Th_Pr_Oth!D23,0) -> 1
A27: =COPO_Th_Pr_Oth!A24 -> 3.4 | B27: =COPO_Th_Pr_Oth!B24 -> Triangular-wave generators | D27: =IF(COPO_Th_Pr_Oth!C24="Th",COPO_Th_Pr_Oth!D24,0) -> 1
A28: =COPO_Th_Pr_Oth!A25 -> 3.5 | B28: =COPO_Th_Pr_Oth!B25 -> Precision rectifier | D28: =IF(COPO_Th_Pr_Oth!C25="Th",COPO_Th_Pr_Oth!D25,0) -> 1
A29: =COPO_Th_Pr_Oth!A26 -> 3.6 | B29: =COPO_Th_Pr_Oth!B26 -> Peak detector | D29: =IF(COPO_Th_Pr_Oth!C26="Th",COPO_Th_Pr_Oth!D26,0) -> 1
A30: =COPO_Th_Pr_Oth!A27 -> Unit 4 | B30: =COPO_Th_Pr_Oth!B27 -> Combinational Digital Circuits | C30: =SUM(D31:D38) -> 8 | D30: =IF(COPO_Th_Pr_Oth!C27="Th",COPO_Th_Pr_Oth!D27,0) -> 0
A31: =COPO_Th_Pr_Oth!A28 -> 4.1 | B31: =COPO_Th_Pr_Oth!B28 -> Standard Representation for Logic Functions | D31: =IF(COPO_Th_Pr_Oth!C28="Th",COPO_Th_Pr_Oth!D28,0) -> 1
A32: =COPO_Th_Pr_Oth!A29 -> 4.2 | B32: =COPO_Th_Pr_Oth!B29 -> Simplification of Logic Functions using K-map and Boolean Algebra | D32: =IF(COPO_Th_Pr_Oth!C29="Th",COPO_Th_Pr_Oth!D29,0) -> 1
A33: =COPO_Th_Pr_Oth!A30 -> 4.3 | B33: =COPO_Th_Pr_Oth!B30 -> Don’t Care Conditions | D33: =IF(COPO_Th_Pr_Oth!C30="Th",COPO_Th_Pr_Oth!D30,0) -> 1
A34: =COPO_Th_Pr_Oth!A31 -> 4.4 | B34: =COPO_Th_Pr_Oth!B31 -> Multiplexer, De-Multiplexer / Decoders | D34: =IF(COPO_Th_Pr_Oth!C31="Th",COPO_Th_Pr_Oth!D31,0) -> 1
A35: =COPO_Th_Pr_Oth!A32 -> 4.5 | B35: =COPO_Th_Pr_Oth!B32 -> Adders, Subtractors | D35: =IF(COPO_Th_Pr_Oth!C32="Th",COPO_Th_Pr_Oth!D32,0) -> 1
A36: =COPO_Th_Pr_Oth!A33 -> 4.6 | B36: =COPO_Th_Pr_Oth!B33 -> BCD Arithmetic, Carry Look Ahead Adder, Serial Adder | D36: =IF(COPO_Th_Pr_Oth!C33="Th",COPO_Th_Pr_Oth!D33,0) -> 1
A37: =COPO_Th_Pr_Oth!A34 -> 4.7 | B37: =COPO_Th_Pr_Oth!B34 -> Digital Comparator, Parity Checker / Generator | D37: =IF(COPO_Th_Pr_Oth!C34="Th",COPO_Th_Pr_Oth!D34,0) -> 1
A38: =COPO_Th_Pr_Oth!A35 -> 4.8 | B38: =COPO_Th_Pr_Oth!B35 -> Code Converters, Priority Encoders, Decoders / Drivers for Display Devices | D38: =IF(COPO_Th_Pr_Oth!C35="Th",COPO_Th_Pr_Oth!D35,0) -> 1
A39: =COPO_Th_Pr_Oth!A36 -> Unit 5 | B39: =COPO_Th_Pr_Oth!B36 -> Sequential circuits and systems | C39: =SUM(D40:D48) -> 9 | D39: =IF(COPO_Th_Pr_Oth!C36="Th",COPO_Th_Pr_Oth!D36,0) -> 0
A40: =COPO_Th_Pr_Oth!A37 -> 5.1 | B40: =COPO_Th_Pr_Oth!B37 -> A 1-bit memory, the circuit properties of Bi-stable latch | D40: =IF(COPO_Th_Pr_Oth!C37="Th",COPO_Th_Pr_Oth!D37,0) -> 1
A41: =COPO_Th_Pr_Oth!A38 -> 5.2 | B41: =COPO_Th_Pr_Oth!B38 -> Clocked SR flip flop, J- K-T and D types flip-flops | D41: =IF(COPO_Th_Pr_Oth!C38="Th",COPO_Th_Pr_Oth!D38,0) -> 1
A42: =COPO_Th_Pr_Oth!A39 -> 5.3 | B42: =COPO_Th_Pr_Oth!B39 -> Applications of flip-flops | D42: =IF(COPO_Th_Pr_Oth!C39="Th",COPO_Th_Pr_Oth!D39,0) -> 1
A43: =COPO_Th_Pr_Oth!A40 -> 5.4 | B43: =COPO_Th_Pr_Oth!B40 -> Shift registers, applications of shift registers | D43: =IF(COPO_Th_Pr_Oth!C40="Th",COPO_Th_Pr_Oth!D40,0) -> 1
A44: =COPO_Th_Pr_Oth!A41 -> 5.5 | B44: =COPO_Th_Pr_Oth!B41 -> Ring counter, sequence generator, | D44: =IF(COPO_Th_Pr_Oth!C41="Th",COPO_Th_Pr_Oth!D41,0) -> 1
A45: =COPO_Th_Pr_Oth!A42 -> 5.6 | B45: =COPO_Th_Pr_Oth!B42 -> Ripple (Asynchronous) counters, | D45: =IF(COPO_Th_Pr_Oth!C42="Th",COPO_Th_Pr_Oth!D42,0) -> 1
A46: =COPO_Th_Pr_Oth!A43 -> 5.7 | B46: =COPO_Th_Pr_Oth!B43 -> Synchronous counters, counters design using flip flops, | D46: =IF(COPO_Th_Pr_Oth!C43="Th",COPO_Th_Pr_Oth!D43,0) -> 1
A47: =COPO_Th_Pr_Oth!A44 -> 5.8 | B47: =COPO_Th_Pr_Oth!B44 -> Special counter IC’s, asynchronous sequential counters, | D47: =IF(COPO_Th_Pr_Oth!C44="Th",COPO_Th_Pr_Oth!D44,0) -> 1
A48: =COPO_Th_Pr_Oth!A45 -> 5.9 | B48: =COPO_Th_Pr_Oth!B45 -> Applications of counters. | D48: =IF(COPO_Th_Pr_Oth!C45="Th",COPO_Th_Pr_Oth!D45,0) -> 1
A49: =COPO_Th_Pr_Oth!A46 -> Unit 6 | B49: =COPO_Th_Pr_Oth!B46 -> A/D and D/A Converters | C49: =SUM(D50:D57) -> 8 | D49: =IF(COPO_Th_Pr_Oth!C46="Th",COPO_Th_Pr_Oth!D46,0) -> 0
A50: =COPO_Th_Pr_Oth!A47 -> 6.1 | B50: =COPO_Th_Pr_Oth!B47 -> Digital to analog converters: weighted resistor/converter, | D50: =IF(COPO_Th_Pr_Oth!C47="Th",COPO_Th_Pr_Oth!D47,0) -> 1
A51: =COPO_Th_Pr_Oth!A48 -> 6.2 | B51: =COPO_Th_Pr_Oth!B48 -> R-2R Ladder D/A converter, specifications for D/A converters | D51: =IF(COPO_Th_Pr_Oth!C48="Th",COPO_Th_Pr_Oth!D48,0) -> 1
A52: =COPO_Th_Pr_Oth!A49 -> 6.3 | B52: =COPO_Th_Pr_Oth!B49 -> Examples of D/A converter lCs, sample and hold circuit | D52: =IF(COPO_Th_Pr_Oth!C49="Th",COPO_Th_Pr_Oth!D49,0) -> 1
A53: =COPO_Th_Pr_Oth!A50 -> 6.4 | B53: =COPO_Th_Pr_Oth!B50 -> Analog to digital converters: quantization and encoding | D53: =IF(COPO_Th_Pr_Oth!C50="Th",COPO_Th_Pr_Oth!D50,0) -> 1
A54: =COPO_Th_Pr_Oth!A51 -> 6.5 | B54: =COPO_Th_Pr_Oth!B51 -> Parallel comparator A/D converter, successive approximation A/D converter | D54: =IF(COPO_Th_Pr_Oth!C51="Th",COPO_Th_Pr_Oth!D51,0) -> 1
A55: =COPO_Th_Pr_Oth!A52 -> 6.6 | B55: =COPO_Th_Pr_Oth!B52 -> Counting A/D converter, dual slope A/D converter | D55: =IF(COPO_Th_Pr_Oth!C52="Th",COPO_Th_Pr_Oth!D52,0) -> 1
A56: =COPO_Th_Pr_Oth!A53 -> 6.7 | B56: =COPO_Th_Pr_Oth!B53 -> A/D converter using voltage to frequency and voltage to time conversion | D56: =IF(COPO_Th_Pr_Oth!C53="Th",COPO_Th_Pr_Oth!D53,0) -> 1
A57: =COPO_Th_Pr_Oth!A54 -> 6.8 | B57: =COPO_Th_Pr_Oth!B54 -> Specifications of A/D converters, example of A/D converter ICs | D57: =IF(COPO_Th_Pr_Oth!C54="Th",COPO_Th_Pr_Oth!D54,0) -> 1
C58: TOTAL | D58: =SUM(D8:D57) -> 45
B60: =CONCATENATE("Total planned lectures: ",D58) -> Total planned lectures: 45
B63: Name & sign of faculty

Sheet Lab Planning
B1: L. D. College of Engineering Ahmedabad Lab Plan
A3: Subject: | B3: =CONCATENATE('[1]Input Data'!B1:D1, "(", '[1]Input Data'!B2, " )") -> Analog and Digital Engineering(BE03009011 )
A4: Faculty: | B4: ='[1]Input Data'!B4 -> Nupur Sinha, M. N. Priyadarshi
A5: Term Dates: | B5: ='[1]Input Data'!B5 -> 14/07/2025 to 02/12/2025 (ODD Term 2025-26)
A7: Sr No | B7: Content | C7: Hours | D7: Planned | E7: Actual
A8: =COPO_Th_Pr_Oth!A56 -> Pr.1 | B8: =COPO_Th_Pr_Oth!B56 -> (a) To verify the working of Op-amp as a Non - inverting Amplifier. (b) To verify the working of Op-amp as an Inverting Amplifier | C8: =COPO_Th_Pr_Oth!D56 -> 2
A9: =COPO_Th_Pr_Oth!A57 -> Pr.2 | B9: =COPO_Th_Pr_Oth!B57 -> (a) To verify the working of Op-amp as an Integrator. (b) To verify the working of Op-amp as an Differentiator. | C9: =COPO_Th_Pr_Oth!D57 -> 2
A10: =COPO_Th_Pr_Oth!A58 -> Pr.3 | B10: =COPO_Th_Pr_Oth!B58 -> To verify the operation of Phase Shift Oscillator | C10: =COPO_Th_Pr_Oth!D58 -> 2
A11: =COPO_Th_Pr_Oth!A59 -> Pr.4 | B11: =COPO_Th_Pr_Oth!B59 -> (a) To verify the working of Op-amp as a square wave generator. (b) To verify the working of Op-amp as a Triangular wave generator. | C11: =COPO_Th_Pr_Oth!D59 -> 2
A12: =COPO_Th_Pr_Oth!A60 -> Pr.5 | B12: =COPO_Th_Pr_Oth!B60 -> (a) To verify the application of op-amp as a Zero Crossing Detector. (b) To verify the application of op-amp as a Peak Detector. | C12: =COPO_Th_Pr_Oth!D60 -> 2
A13: =COPO_Th_Pr_Oth!A61 -> Pr.6 | B13: =COPO_Th_Pr_Oth!B61 -> (a) To verify working of half and full binary adder and subtractor circuits. (b) To verify working of binary to gray and gray to binary converter circuit | C13: =COPO_Th_Pr_Oth!D61 -> 2
A14: =COPO_Th_Pr_Oth!A62 -> Pr.7 | B14: =COPO_Th_Pr_Oth!B62 -> To verify truth tables of RS, JK, D and T flip-flops. | C14: =COPO_Th_Pr_Oth!D62 -> 2
A15: =COPO_Th_Pr_Oth!A63 -> Pr.8 | B15: =COPO_Th_Pr_Oth!B63 -> (a) To Design 8 to 3 Encoder and 3 to 8 line Decoder. (b) To Design 4 to 1 Multiplexer and 1 to 4 line De-multiplexer | C15: =COPO_Th_Pr_Oth!D63 -> 2
A16: =COPO_Th_Pr_Oth!A64 -> Pr.9 | B16: =COPO_Th_Pr_Oth!B64 -> (a) To verify the working of binary up/down counter. (b) To verify the working of Ring counter, Johnson counter. | C16: =COPO_Th_Pr_Oth!D64 -> 2
A17: =COPO_Th_Pr_Oth!A65 -> Pr.10 | B17: =COPO_Th_Pr_Oth!B65 -> (a) To study Specification and Performance indices of D/A converters. (b) To study Specification and Performance indices of A/D converters. | C17: =COPO_Th_Pr_Oth!D65 -> 2
A18: =COPO_Th_Pr_Oth!A66 -> Pr.11 | B18: =COPO_Th_Pr_Oth!B66 -> 0 | C18: =COPO_Th_Pr_Oth!D66 -> 0
A19: =COPO_Th_Pr_Oth!A67 -> Pr.12 | B19: =COPO_Th_Pr_Oth!B67 -> 0 | C19: =COPO_Th_Pr_Oth!D67 -> 0
... A23: =COPO_Th_Pr_Oth!A71 -> Pr.16 | B23: =COPO_Th_Pr_Oth!B71 -> 0 | C23: =COPO_Th_Pr_Oth!D71 -> 0
B24: TOTAL: | C24: =SUM(C8:C23) -> 20
B26: =CONCATENATE("Total Lab Planned : ",C24) -> Total Lab Planned : 20
B28: Name & sign of faculty

Sheet CO-PO-PSO
A1: =CONCATENATE("CO ",'[1]Input Data'!$B$2,".1") -> CO BE03009011 .1 | B1: 1. Comprehension of various types of analog and digital components – OPAMP, Combinational and sequential circuits, ADC and DAC, involved in the analog and digital systems
A2: =CONCATENATE("CO ",'[1]Input Data'!$B$2,".2") -> CO BE03009011 .2 | B2: 2. Describe the functioning and selection of OP-AMP as per application
A3: =CONCATENATE("CO ",'[1]Input Data'!$B$2,".3") -> CO BE03009011 .3 | B3: 3. Design and testing of OP-AMP based circuits.
A4: =CONCATENATE("CO ",'[1]Input Data'!$B$2,".4") -> CO BE03009011 .4 | B4: 4. Design and implement Combinational and Sequential logic circuits
A5: =CONCATENATE("CO ",'[1]Input Data'!$B$2,".5") -> CO BE03009011 .5 | B5: 5. Describe the process of Analog to Digital conversion and Digital to Analog Conversion.
B7: (A) PROGRAM OUTCOMES(POs)
B9: Graduates will be able to:
B11: PO1: Engineering Knowledge: Apply knowledge of mathematics, natural science, computing, engineering fundamentals and an engineering specialization as specified in WK1 to WK4 respectively to develop to the solution of complex engineering problems.
B13: PO2: Problem Analysis: Identify, formulate, review research literature and analyze complex engineering problems reaching substantiated conclusions with consideration for sustainable development. (WK1 to WK4)
B15: PO3: Design/Development of Solutions: Design creative solutions for complex engineering problems and design/develop systems/components/processes to meet identified needs with consideration for the public health and safety, whole-life cost, net zero carbon, culture, society and environment as required. (WK5)
B17: PO4: Conduct Investigations of Complex Problems: Conduct investigations of complex engineering problems using research-based knowledge including design of experiments, modelling, analysis & interpretation of data to provide valid conclusions. (WK8).
B19: PO5: Engineering Tool Usage: Create, select and apply appropriate techniques, resources and modern engineering & IT tools, including prediction and modelling recognizing their limitations to solve complex engineering problems. (WK2 and WK6)
B21: PO6: The Engineer and The World: Analyze and evaluate societal and environmental aspects while solving complex engineering problems for its impact on sustainability with reference to economy, health, safety, legal framework, culture and environment. (WK1, WK5, and WK7).
B23: PO7: Ethics: Apply ethical principles and commit to professional ethics, human values, diversity and inclusion; adhere to national & international laws. (WK9)
B25: PO8: Individual and Collaborative Team work: Function effectively as an individual, and as a member or leader in diverse/multi-disciplinary teams.
B27: PO9: Communication: Communicate effectively and inclusively within the engineering community and society at large, such as being able to comprehend and write effective reports and design documentation, make effective presentations considering cultural, language, and learning differences
B29: PO10: Project Management and Finance: Apply knowledge and understanding of engineering management principles and economic decision-making and apply these to one’s own work, as a member and leader in a team, and to manage projects and in multidisciplinary environments.
... B33: PSO4: Graduates will demonstrate lifelong learning attitude and societal responsibilities with high moral and ethical values
A35: PSO of Electrical Engineering Department
A36: PSO1 | B36: Graduates will possess the ability to interpret the fundamental concepts of Electrical Engineering and its applications
A37: PSO2 | B37: Graduates will be able to investigate and propose effective solutions to the problems of Power System, Electrical Machines and Electronics using contemporary tools & Mathematical approach
A38: PSO3 | B38: Graduates will possess skills and knowledge for design, operation and maintenance in the areas of Power System, Electrical machines and Electronics

Sheet CO-PO Mapping
A1: Robotics
A2: 3110002 | B2: English
A3: CO-PO/PSO Matrices
A5: Table 3.1.1
A6: Sr. No. | B6: COs | C6: Statement
A7: 1 | B7: =IF(A7=1,A2+0.1,"") -> 3110002.1
A8: 2 | B8: =IF(A8=2,A2+0.2,"") -> 3110002.2
A9: 3 | B9: =IF(A9=3,A2+0.3,"") -> 3110002.3
A10: 4 | B10: =IF(A10=4,A2+0.4,"") -> 3110002.4
A11: 5 | B11: =IF(A11=5,A2+0.5,"") -> 3110002.5
B12: =IF(A12=6,A2+0.6,"")
A14: GTU Teaching & Examination Scheme
A15: L | B15: T | C15: P | D15: C | E15: Theory Marks | G15: Practical Marks | I15: Total Marks
E16: ESE (E) | F16: PA (M) | G16: ESE (V) | H16: PA (I)
I17: =SUM(E17:H17) -> 0
A19: CO-Assessment Marks
A20: =A2 -> 3110002 | B20: Internal-Marks | D20: Total Internal | E20: External-Marks | G20: Total External | H20: Total Marks
B21: M Compo. | C21: I Compo. | E21: E Compo. | F21: V Compo.
A22: CO1 | B22: =M!D6 | C22: =I!D6 | D22: =SUM(B22:C22) -> 0 | E22: =E!D6 | F22: =V!D6 | G22: =SUM(E22:F22) -> 0 | H22: =IF(D22="",(G22),IF(G22="",(D22),(D22+G22))) -> 0
A23: CO2 | B23: =M!E6 | C23: =I!E6 | D23: =SUM(B23:C23) -> 0 | E23: =E!E6 | F23: =V!E6 | G23: =SUM(E23:F23) -> 0 | H23: =IF(D23="",(G23),IF(G23="",(D23),(D23+G23))) -> 0 | J23: Target (% of students)
A24: CO3 | B24: =M!F6 | C24: =I!F6 | D24: =SUM(B24:C24) -> 0 | E24: =E!F6 | F24: =V!F6 | G24: =SUM(E24:F24) -> 0 | H24: =IF(D24="",(G24),IF(G24="",(D24),(D24+G24))) -> 0 | J24: Attainment Level | L24: Upper limit value of %
A25: CO4 | B25: =M!G6 | C25: =I!G6 | D25: =IF(B25&C25="","",SUM(B25:C25)) | E25: =E!G6 | F25: =V!G6 | G25: =IF(E25&F25="","",SUM(E25:F25)) | H25: =IF(D25="",(G25),IF(G25="",(D25),(D25+G25)))
A26: CO5 | B26: =M!H6 | C26: =I!H6 | D26: =IF(B26&C26="","",SUM(B26:C26)) | E26: =E!H6 | F26: =V!H6 | G26: =IF(E26&F26="","",SUM(E26:F26)) | H26: =IF(D26="",(G26),IF(G26="",(D26),(D26+G26)))
A27: CO6 | B27: =M!I6 | C27: =I!I6 | D27: =IF(B27&C27="","",SUM(B27:C27)) | E27: =E!I6 | F27: =V!I6 | G27: =IF(E27&F27="","",SUM(E27:F27)) | H27: =IF(D27="",(G27),IF(G27="",(D27),(D27+G27))) | J27: 0 | L27: 60
B28: =IF(F17="","",SUM(B22:B27)) | C28: =IF(H17="","",SUM(C22:C27)) | D28: =SUM(D22:D27) -> 0 | E28: =IF(E17="","",SUM(E22:E27)) | F28: =IF(G17="","",SUM(F22:F27)) | G28: =SUM(G22:G27) -> 0 | H28: =SUM(H22:H27) -> 0 | J28: 1 | L28: 70
J29: 2 | L29: 80
A30: Target Value (Marks) | E30: 40 | J30: 3 | L30: =" >" & TEXT(L29,"0") -> >80
A32: Table 3.1.3: CO – PO and PSO Mapping Matrix
A33: Sr. No. | C33: PO1 | D33: PO2 | E33: PO3 | F33: PO4 | G33: PO5 | H33: PO6 | I33: PO7 | J33: PO8 | K33: PO9 | L33: PO10 | M33: PO11 | N33: PSO1 | O33: PSO2 | P33: PSO3 | Q33: PSO4
A34: 1 | B34: CO1 | C34: ='CO-PO mapping summary'!D32 -> 3 | D34: ='CO-PO mapping summary'!E32 -> 3 | E34: ='CO-PO mapping summary'!F32 -> 3 | F34: ='CO-PO mapping summary'!G32 -> 2 | G34: ='CO-PO mapping summary'!H32 -> 3 | H34: ='CO-PO mapping summary'!I32 | I34: ='CO-PO mapping summary'!J32 | J34: ='CO-PO mapping summary'!K32 -> 1 | ... Q34: ='CO-PO mapping summary'!R32 -> 2
A35: 2 | B35: CO2 | C35: ='CO-PO mapping summary'!D33 -> 3 | D35: ='CO-PO mapping summary'!E33 -> 3 | E35: ='CO-PO mapping summary'!F33 -> 3 | F35: ='CO-PO mapping summary'!G33 -> 2 | G35: ='CO-PO mapping summary'!H33 -> 3 | H35: ='CO-PO mapping summary'!I33 | I35: ='CO-PO mapping summary'!J33 | J35: ='CO-PO mapping summary'!K33 -> 2 | ... Q35: ='CO-PO mapping summary'!R33 -> 2
A36: 3 | B36: CO3 | C36: ='CO-PO mapping summary'!D34 -> 3 | D36: ='CO-PO mapping summary'!E34 -> 3 | E36: ='CO-PO mapping summary'!F34 -> 3 | F36: ='CO-PO mapping summary'!G34 -> 1 | G36: ='CO-PO mapping summary'!H34 -> 3 | H36: ='CO-PO mapping summary'!I34 | I36: ='CO-PO mapping summary'!J34 | J36: ='CO-PO mapping summary'!K34 -> 1 | ... Q36: ='CO-PO mapping summary'!R34
A37: 4 | B37: CO4 | C37: ='CO-PO mapping summary'!D35 -> 3 | D37: ='CO-PO mapping summary'!E35 -> 3 | E37: ='CO-PO mapping summary'!F35 -> 3 | F37: ='CO-PO mapping summary'!G35 -> 3 | G37: ='CO-PO mapping summary'!H35 -> 3 | H37: ='CO-PO mapping summary'!I35 | I37: ='CO-PO mapping summary'!J35 | J37: ='CO-PO mapping summary'!K35 -> 1 | ... Q37: ='CO-PO mapping summary'!R35 -> 2
A38: 5 | B38: CO5 | C38: ='CO-PO mapping summary'!D36 -> 3 | D38: ='CO-PO mapping summary'!E36 -> 3 | E38: ='CO-PO mapping summary'!F36 -> 3 | F38: ='CO-PO mapping summary'!G36 | G38: ='CO-PO mapping summary'!H36 -> 1 | H38: ='CO-PO mapping summary'!I36 | I38: ='CO-PO mapping summary'!J36 | J38: ='CO-PO mapping summary'!K36 | ... Q38: ='CO-PO mapping summary'!R36
A39: 6 | B39: CO6
A40: Course Mapping | C40: =IFERROR(AVERAGE(C34:C39),"") -> 3 | D40: =IFERROR(AVERAGE(D34:D39),"") -> 3 | E40: =IFERROR(AVERAGE(E34:E39),"") -> 3 | F40: =IFERROR(AVERAGE(F34:F39),"") -> 2 | G40: =IFERROR(AVERAGE(G34:G39),"") -> 2.6 | H40: =IFERROR(AVERAGE(H34:H39),"") | I40: =IFERROR(AVERAGE(I34:I39),"") | J40: =IFERROR(AVERAGE(J34:J39),"") -> 1.25 | ... Q40: =IFERROR(AVERAGE(Q34:Q39),"") -> 2
A41: Attained | C41: =IFERROR(Attainment!C27,"") | D41: =IFERROR(Attainment!D27,"") | E41: =IFERROR(Attainment!E27,"") | F41: =IFERROR(Attainment!F27,"") | G41: =IFERROR(Attainment!G27,"") | H41: =IFERROR(Attainment!H27,"") | I41: =IFERROR(Attainment!I27,"") | J41: =IFERROR(Attainment!J27,"") | ... Q41: =IFERROR(Attainment!Q27,"")
D43: For Calculating Attainment
A44: Justifications
A45: CO | B45: PO | C45: Value | D45: Justifications | H45: CO | I45: PO | J45: Value | K45: Justifications
A46: 1 | B46: 1 | C46: =C34 -> 3 | H46: 2 | I46: 1 | J46: =C35 -> 3
A47: 1 | B47: 2 | C47: =D34 -> 3 | H47: 2 | I47: 2 | J47: =D35 -> 3
A48: 1 | B48: 3 | C48: =E34 -> 3 | H48: 2 | I48: 3 | J48: =E35 -> 3
A49: 1 | B49: 4 | C49: =F34 -> 2 | H49: 2 | I49: 4 | J49: =F35 -> 2
A50: 1 | B50: 5 | C50: =G34 -> 3 | H50: 2 | I50: 5 | J50: =G35 -> 3
A51: 1 | B51: 6 | C51: =H34 | H51: 2 | I51: 6 | J51: =H35
A52: 1 | B52: 7 | C52: =I34 | H52: 2 | I52: 7 | J52: =I35
A53: 1 | B53: 8 | C53: =J34 -> 1 | H53: 2 | I53: 8 | J53: =J35 -> 2
A54: 1 | B54: 9 | C54: =K34 | H54: 2 | I54: 9 | J54: =K35
A55: 1 | B55: 10 | C55: =L34 -> 3 | H55: 2 | I55: 10 | J55: =L35 -> 3
A56: 1 | B56: 11 | C56: =M34 -> 1 | H56: 2 | I56: 11 | J56: =M35
A57: CO | B57: PO | C57: Value | D57: Justifications | H57: CO | I57: PO | J57: Value | K57: Justifications
A58: 3 | B58: 1 | C58: =C36 -> 3 | H58: 4 | I58: 1 | J58: =C37 -> 3
A59: 3 | B59: 2 | C59: =D36 -> 3 | H59: 4 | I59: 2 | J59: =D37 -> 3
A60: 3 | B60: 3 | C60: =E36 -> 3 | H60: 4 | I60: 3 | J60: =E37 -> 3
A61: 3 | B61: 4 | C61: =F36 -> 1 | H61: 4 | I61: 4 | J61: =F37 -> 3
A62: 3 | B62: 5 | C62: =G36 -> 3 | H62: 4 | I62: 5 | J62: =G37 -> 3
A63: 3 | B63: 6 | C63: =H36 | H63: 4 | I63: 6 | J63: =H37
A64: 3 | B64: 7 | C64: =I36 | H64: 4 | I64: 7 | J64: =I37
A65: 3 | B65: 8 | C65: =J36 -> 1 | H65: 4 | I65: 8 | J65: =J37 -> 1
A66: 3 | B66: 9 | C66: =K36 | H66: 4 | I66: 9 | J66: =K37
A67: 3 | B67: 10 | C67: =L36 -> 3 | H67: 4 | I67: 10 | J67: =L37 -> 3
A68: 3 | B68: 11 | C68: =M36 -> 1 | H68: 4 | I68: 11 | J68: =M37 -> 1
A69: CO | B69: PO | C69: Value | D69: Justifications | H69: CO | I69: PO | J69: Value | K69: Justifications
A70: 5 | B70: 1 | C70: =C38 -> 3 | H70: 6 | I70: 1 | J70: =C39 -> 0
A71: 5 | B71: 2 | C71: =D38 -> 3 | H71: 6 | I71: 2 | J71: =D39 -> 0
A72: 5 | B72: 3 | C72: =E38 -> 3 | H72: 6 | I72: 3 | J72: =E39 -> 0
A73: 5 | B73: 4 | C73: =F38 | H73: 6 | I73: 4 | J73: =F39 -> 0
A74: 5 | B74: 5 | C74: =G38 -> 1 | H74: 6 | I74: 5 | J74: =G39 -> 0
A75: 5 | B75: 6 | C75: =H38 | H75: 6 | I75: 6 | J75: =H39 -> 0
A76: 5 | B76: 7 | C76: =I38 | H76: 6 | I76: 7 | J76: =I39 -> 0
A77: 5 | B77: 8 | C77: =J38 | H77: 6 | I77: 8 | J77: =J39 -> 0
A78: 5 | B78: 9 | C78: =K38 | H78: 6 | I78: 9 | J78: =K39 -> 0
A79: 5 | B79: 10 | C79: =L38 -> 2 | H79: 6 | I79: 10 | J79: =L39 -> 0
A80: 5 | B80: 11 | C80: =M38 -> 2 | H80: 6 | I80: 11 | J80: =M39 -> 0

Sheet Students Details
A1: L. D. COLLEGE OF ENGINEERING
A2: ='CO-PO Mapping'!A1:N1 -> Robotics
A3: Students Details
A5: Sr. No. | B5: Enrollment No. | C5: Name
A7: 1
A8: 2
A9: 3
A10: 4
A11: 5
A12: 6
A13: 7
A14: 8
A15: 9
A16: 10
A17: 11
A18: 12
... A186: 180

Sheet M Component
A1: L. D. COLLEGE OF ENGINEERING
A2: ='CO-PO Mapping'!A1:N1 -> Robotics
A3: Marksheet for M Component
A4: Course Name: | C4: ='CO-PO Mapping'!B2 -> English | D4: Course Code: | F4: ='CO-PO Mapping'!A2 -> 3110002
D5: (Out of 30)
A6: Sr. No. | B6: Enrollment No. | C6: Name | D6: CO1 | E6: CO2 | F6: CO3 | G6: CO4 | H6: CO5 | I6: CO6 | J6: Total | K6: CO1 | L6: CO2 | M6: CO3 | N6: CO4 | O6: CO5 | P6: CO6 | Q6: Total Marks ( Out of 30 )
J7: =SUM(D7:I7) -> 0 | K7: =IF(D7=0,"",D7) | L7: =IF(E7=0,"",E7) | M7: =IF(F7=0,"",F7) | N7: =IF('CO-PO Mapping'!A10="",0,IF(G7=0,0,G7)) -> 0 | O7: =IF('CO-PO Mapping'!A11="",0,IF(H7=0,0,H7)) -> 0 | P7: =IF('CO-PO Mapping'!A12="",0,IF(I7=0,0,I7)) -> 0 | Q7: =SUM(K7:P7) -> 0
A8: ='Students Details'!A7 -> 1 | B8: =IF('Students Details'!B7="","",'Students Details'!B7) | C8: =IF('Students Details'!C7="","",'Students Details'!C7) | J8: =SUM(D8:H8) -> 0 | K8: =D8 -> 0 | L8: =E8 -> 0 | M8: =F8 -> 0 | N8: =IF('CO-PO Mapping'!$A$10="",0,G8) -> 0 | O8: =IF('CO-PO Mapping'!$A$11="",0,H8) -> 0 | P8: =IF('CO-PO Mapping'!$A$12="",0,I8) -> 0 | Q8: =SUM(K8:P8) -> 0
A9: ='Students Details'!A8 -> 2 | B9: =IF('Students Details'!B8="","",'Students Details'!B8) | C9: =IF('Students Details'!C8="","",'Students Details'!C8) | J9: =SUM(D9:H9) -> 0 | K9: =D9 -> 0 | L9: =E9 -> 0 | M9: =F9 -> 0 | N9: =IF('CO-PO Mapping'!$A$10="",0,G9) -> 0 | O9: =IF('CO-PO Mapping'!$A$11="",0,H9) -> 0 | P9: =IF('CO-PO Mapping'!$A$12="",0,I9) -> 0 | Q9: =SUM(K9:P9) -> 0
A10: ='Students Details'!A9 -> 3 | B10: =IF('Students Details'!B9="","",'Students Details'!B9) | C10: =IF('Students Details'!C9="","",'Students Details'!C9) | J10: =SUM(D10:H10) -> 0 | K10: =D10 -> 0 | L10: =E10 -> 0 | M10: =F10 -> 0 | N10: =IF('CO-PO Mapping'!$A$10="",0,G10) -> 0 | O10: =IF('CO-PO Mapping'!$A$11="",0,H10) -> 0 | P10: =IF('CO-PO Mapping'!$A$12="",0,I10) -> 0 | Q10: =SUM(K10:P10) -> 0
A11: ='Students Details'!A10 -> 4 | B11: =IF('Students Details'!B10="","",'Students Details'!B10) | C11: =IF('Students Details'!C10="","",'Students Details'!C10) | J11: =SUM(D11:H11) -> 0 | K11: =D11 -> 0 | L11: =E11 -> 0 | M11: =F11 -> 0 | N11: =IF('CO-PO Mapping'!$A$10="",0,G11) -> 0 | O11: =IF('CO-PO Mapping'!$A$11="",0,H11) -> 0 | P11: =IF('CO-PO Mapping'!$A$12="",0,I11) -> 0 | Q11: =SUM(K11:P11) -> 0
A12: ='Students Details'!A11 -> 5 | B12: =IF('Students Details'!B11="","",'Students Details'!B11) | C12: =IF('Students Details'!C11="","",'Students Details'!C11) | J12: =SUM(D12:H12) -> 0 | K12: =D12 -> 0 | L12: =E12 -> 0 | M12: =F12 -> 0 | N12: =IF('CO-PO Mapping'!$A$10="",0,G12) -> 0 | O12: =IF('CO-PO Mapping'!$A$11="",0,H12) -> 0 | P12: =IF('CO-PO Mapping'!$A$12="",0,I12) -> 0 | Q12: =SUM(K12:P12) -> 0
A13: ='Students Details'!A12 -> 6 | B13: =IF('Students Details'!B12="","",'Students Details'!B12) | C13: =IF('Students Details'!C12="","",'Students Details'!C12) | J13: =SUM(D13:H13) -> 0 | K13: =D13 -> 0 | L13: =E13 -> 0 | M13: =F13 -> 0 | N13: =IF('CO-PO Mapping'!$A$10="",0,G13) -> 0 | O13: =IF('CO-PO Mapping'!$A$11="",0,H13) -> 0 | P13: =IF('CO-PO Mapping'!$A$12="",0,I13) -> 0 | Q13: =SUM(K13:P13) -> 0
A14: ='Students Details'!A13 -> 7 | B14: =IF('Students Details'!B13="","",'Students Details'!B13) | C14: =IF('Students Details'!C13="","",'Students Details'!C13) | J14: =SUM(D14:H14) -> 0 | K14: =D14 -> 0 | L14: =E14 -> 0 | M14: =F14 -> 0 | N14: =IF('CO-PO Mapping'!$A$10="",0,G14) -> 0 | O14: =IF('CO-PO Mapping'!$A$11="",0,H14) -> 0 | P14: =IF('CO-PO Mapping'!$A$12="",0,I14) -> 0 | Q14: =SUM(K14:P14) -> 0
A15: ='Students Details'!A14 -> 8 | B15: =IF('Students Details'!B14="","",'Students Details'!B14) | C15: =IF('Students Details'!C14="","",'Students Details'!C14) | J15: =SUM(D15:H15) -> 0 | K15: =D15 -> 0 | L15: =E15 -> 0 | M15: =F15 -> 0 | N15: =IF('CO-PO Mapping'!$A$10="",0,G15) -> 0 | O15: =IF('CO-PO Mapping'!$A$11="",0,H15) -> 0 | P15: =IF('CO-PO Mapping'!$A$12="",0,I15) -> 0 | Q15: =SUM(K15:P15) -> 0
A16: ='Students Details'!A15 -> 9 | B16: =IF('Students Details'!B15="","",'Students Details'!B15) | C16: =IF('Students Details'!C15="","",'Students Details'!C15) | J16: =SUM(D16:H16) -> 0 | K16: =D16 -> 0 | L16: =E16 -> 0 | M16: =F16 -> 0 | N16: =IF('CO-PO Mapping'!$A$10="",0,G16) -> 0 | O16: =IF('CO-PO Mapping'!$A$11="",0,H16) -> 0 | P16: =IF('CO-PO Mapping'!$A$12="",0,I16) -> 0 | Q16: =SUM(K16:P16) -> 0
A17: ='Students Details'!A16 -> 10 | B17: =IF('Students Details'!B16="","",'Students Details'!B16) | C17: =IF('Students Details'!C16="","",'Students Details'!C16) | J17: =SUM(D17:H17) -> 0 | K17: =D17 -> 0 | L17: =E17 -> 0 | M17: =F17 -> 0 | N17: =IF('CO-PO Mapping'!$A$10="",0,G17) -> 0 | O17: =IF('CO-PO Mapping'!$A$11="",0,H17) -> 0 | P17: =IF('CO-PO Mapping'!$A$12="",0,I17) -> 0 | Q17: =SUM(K17:P17) -> 0
A18: ='Students Details'!A17 -> 11 | B18: =IF('Students Details'!B17="","",'Students Details'!B17) | C18: =IF('Students Details'!C17="","",'Students Details'!C17) | J18: =SUM(D18:H18) -> 0 | K18: =D18 -> 0 | L18: =E18 -> 0 | M18: =F18 -> 0 | N18: =IF('CO-PO Mapping'!$A$10="",0,G18) -> 0 | O18: =IF('CO-PO Mapping'!$A$11="",0,H18) -> 0 | P18: =IF('CO-PO Mapping'!$A$12="",0,I18) -> 0 | Q18: =SUM(K18:P18) -> 0
A19: ='Students Details'!A18 -> 12 | B19: =IF('Students Details'!B18="","",'Students Details'!B18) | C19: =IF('Students Details'!C18="","",'Students Details'!C18) | J19: =SUM(D19:H19) -> 0 | K19: =D19 -> 0 | L19: =E19 -> 0 | M19: =F19 -> 0 | N19: =IF('CO-PO Mapping'!$A$10="",0,G19) -> 0 | O19: =IF('CO-PO Mapping'!$A$11="",0,H19) -> 0 | P19: =IF('CO-PO Mapping'!$A$12="",0,I19) -> 0 | Q19: =SUM(K19:P19) -> 0
... A39: ='Students Details'!A38 -> 32 | B39: =IF('Students Details'!B38="","",'Students Details'!B38) | C39: =IF('Students Details'!C38="","",'Students Details'!C38) | J39: =SUM(D39:H39) -> 0 | K39: =D39 -> 0 | L39: =E39 -> 0 | M39: =F39 -> 0 | N39: =IF('CO-PO Mapping'!$A$10="",0,G39) -> 0 | O39: =IF('CO-PO Mapping'!$A$11="",0,H39) -> 0 | P39: =IF('CO-PO Mapping'!$A$12="",0,I39) -> 0 | Q39: =SUM(K39:P39) -> 0
A40: ='Students Details'!A39 -> 33 | B40: =IF('Students Details'!B39="","",'Students Details'!B39) | C40: =IF('Students Details'!C39="","",'Students Details'!C39) | J40: =SUM(D40:I40) -> 0 | K40: =D40 -> 0 | L40: =E40 -> 0 | M40: =F40 -> 0 | N40: =IF('CO-PO Mapping'!$A$10="",0,G40) -> 0 | O40: =IF('CO-PO Mapping'!$A$11="",0,H40) -> 0 | P40: =IF('CO-PO Mapping'!$A$12="",0,I40) -> 0 | Q40: =SUM(K40:P40) -> 0
A41: ='Students Details'!A40 -> 34 | B41: =IF('Students Details'!B40="","",'Students Details'!B40) | C41: =IF('Students Details'!C40="","",'Students Details'!C40) | J41: =SUM(D41:I41) -> 0 | K41: =D41 -> 0 | L41: =E41 -> 0 | M41: =F41 -> 0 | N41: =IF('CO-PO Mapping'!$A$10="",0,G41) -> 0 | O41: =IF('CO-PO Mapping'!$A$11="",0,H41) -> 0 | P41: =IF('CO-PO Mapping'!$A$12="",0,I41) -> 0 | Q41: =SUM(K41:P41) -> 0
A42: ='Students Details'!A41 -> 35 | B42: =IF('Students Details'!B41="","",'Students Details'!B41) | C42: =IF('Students Details'!C41="","",'Students Details'!C41) | J42: =SUM(D42:I42) -> 0 | K42: =D42 -> 0 | L42: =E42 -> 0 | M42: =F42 -> 0 | N42: =IF('CO-PO Mapping'!$A$10="",0,G42) -> 0 | O42: =IF('CO-PO Mapping'!$A$11="",0,H42) -> 0 | P42: =IF('CO-PO Mapping'!$A$12="",0,I42) -> 0 | Q42: =SUM(K42:P42) -> 0
A43: ='Students Details'!A42 -> 36 | B43: =IF('Students Details'!B42="","",'Students Details'!B42) | C43: =IF('Students Details'!C42="","",'Students Details'!C42) | J43: =SUM(D43:I43) -> 0 | K43: =D43 -> 0 | L43: =E43 -> 0 | M43: =F43 -> 0 | N43: =IF('CO-PO Mapping'!$A$10="",0,G43) -> 0 | O43: =IF('CO-PO Mapping'!$A$11="",0,H43) -> 0 | P43: =IF('CO-PO Mapping'!$A$12="",0,I43) -> 0 | Q43: =SUM(K43:P43) -> 0
A44: ='Students Details'!A43 -> 37 | B44: =IF('Students Details'!B43="","",'Students Details'!B43) | C44: =IF('Students Details'!C43="","",'Students Details'!C43) | J44: =SUM(D44:I44) -> 0 | K44: =D44 -> 0 | L44: =E44 -> 0 | M44: =F44 -> 0 | N44: =IF('CO-PO Mapping'!$A$10="",0,G44) -> 0 | O44: =IF('CO-PO Mapping'!$A$11="",0,H44) -> 0 | P44: =IF('CO-PO Mapping'!$A$12="",0,I44) -> 0 | Q44: =SUM(K44:P44) -> 0
A45: ='Students Details'!A44 -> 38 | B45: =IF('Students Details'!B44="","",'Students Details'!B44) | C45: =IF('Students Details'!C44="","",'Students Details'!C44) | J45: =SUM(D45:I45) -> 0 | K45: =D45 -> 0 | L45: =E45 -> 0 | M45: =F45 -> 0 | N45: =IF('CO-PO Mapping'!$A$10="",0,G45) -> 0 | O45: =IF('CO-PO Mapping'!$A$11="",0,H45) -> 0 | P45: =IF('CO-PO Mapping'!$A$12="",0,I45) -> 0 | Q45: =SUM(K45:P45) -> 0
A46: ='Students Details'!A45 -> 39 | B46: =IF('Students Details'!B45="","",'Students Details'!B45) | C46: =IF('Students Details'!C45="","",'Students Details'!C45) | J46: =SUM(D46:I46) -> 0 | K46: =D46 -> 0 | L46: =E46 -> 0 | M46: =F46 -> 0 | N46: =IF('CO-PO Mapping'!$A$10="",0,G46) -> 0 | O46: =IF('CO-PO Mapping'!$A$11="",0,H46) -> 0 | P46: =IF('CO-PO Mapping'!$A$12="",0,I46) -> 0 | Q46: =SUM(K46:P46) -> 0
A47: ='Students Details'!A46 -> 40 | B47: =IF('Students Details'!B46="","",'Students Details'!B46) | C47: =IF('Students Details'!C46="","",'Students Details'!C46) | J47: =SUM(D47:I47) -> 0 | K47: =D47 -> 0 | L47: =E47 -> 0 | M47: =F47 -> 0 | N47: =IF('CO-PO Mapping'!$A$10="",0,G47) -> 0 | O47: =IF('CO-PO Mapping'!$A$11="",0,H47) -> 0 | P47: =IF('CO-PO Mapping'!$A$12="",0,I47) -> 0 | Q47: =SUM(K47:P47) -> 0
A48: ='Students Details'!A47 -> 41 | B48: =IF('Students Details'!B47="","",'Students Details'!B47) | C48: =IF('Students Details'!C47="","",'Students Details'!C47) | J48: =SUM(D48:I48) -> 0 | K48: =D48 -> 0 | L48: =E48 -> 0 | M48: =F48 -> 0 | N48: =IF('CO-PO Mapping'!$A$10="",0,G48) -> 0 | O48: =IF('CO-PO Mapping'!$A$11="",0,H48) -> 0 | P48: =IF('CO-PO Mapping'!$A$12="",0,I48) -> 0 | Q48: =SUM(K48:P48) -> 0
A49: ='Students Details'!A48 -> 42 | B49: =IF('Students Details'!B48="","",'Students Details'!B48) | C49: =IF('Students Details'!C48="","",'Students Details'!C48) | J49: =SUM(D49:I49) -> 0 | K49: =D49 -> 0 | L49: =E49 -> 0 | M49: =F49 -> 0 | N49: =IF('CO-PO Mapping'!$A$10="",0,G49) -> 0 | O49: =IF('CO-PO Mapping'!$A$11="",0,H49) -> 0 | P49: =IF('CO-PO Mapping'!$A$12="",0,I49) -> 0 | Q49: =SUM(K49:P49) -> 0
A50: ='Students Details'!A49 -> 43 | B50: =IF('Students Details'!B49="","",'Students Details'!B49) | C50: =IF('Students Details'!C49="","",'Students Details'!C49) | J50: =SUM(D50:I50) -> 0 | K50: =D50 -> 0 | L50: =E50 -> 0 | M50: =F50 -> 0 | N50: =IF('CO-PO Mapping'!$A$10="",0,G50) -> 0 | O50: =IF('CO-PO Mapping'!$A$11="",0,H50) -> 0 | P50: =IF('CO-PO Mapping'!$A$12="",0,I50) -> 0 | Q50: =SUM(K50:P50) -> 0
A51: ='Students Details'!A50 -> 44 | B51: =IF('Students Details'!B50="","",'Students Details'!B50) | C51: =IF('Students Details'!C50="","",'Students Details'!C50) | J51: =SUM(D51:I51) -> 0 | K51: =D51 -> 0 | L51: =E51 -> 0 | M51: =F51 -> 0 | N51: =IF('CO-PO Mapping'!$A$10="",0,G51) -> 0 | O51: =IF('CO-PO Mapping'!$A$11="",0,H51) -> 0 | P51: =IF('CO-PO Mapping'!$A$12="",0,I51) -> 0 | Q51: =SUM(K51:P51) -> 0
... A207: ='Students Details'!A206 -> 0 | B207: =IF('Students Details'!B206="","",'Students Details'!B206) | C207: =IF('Students Details'!C206="","",'Students Details'!C206) | J207: =SUM(D207:I207) -> 0 | K207: =D207 -> 0 | L207: =E207 -> 0 | M207: =F207 -> 0 | N207: =IF('CO-PO Mapping'!$A$10="",0,G207) -> 0 | O207: =IF('CO-PO Mapping'!$A$11="",0,H207) -> 0 | P207: =IF('CO-PO Mapping'!$A$12="",0,I207) -> 0 | Q207: =SUM(K207:P207) -> 0

Sheet I Component
A1: L. D. COLLEGE OF ENGINEERING
A2: ='CO-PO Mapping'!A1:N1 -> Robotics
A3: Marksheet for I Component
A4: Course Name: | C4: ='CO-PO Mapping'!B2 -> English | D4: Course Code: | F4: ='CO-PO Mapping'!A2 -> 3110002
D5: (Out of 20)
A6: Sr. No. | B6: Enrollment No. | C6: Name | D6: CO1 | E6: CO2 | F6: CO3 | G6: CO4 | H6: CO5 | I6: CO6 | J6: Total | K6: CO1 | L6: CO2 | M6: CO3 | N6: CO4 | O6: CO5 | P6: CO6 | Q6: Total Marks ( Out of 50 ) | R6: CO1 | S6: CO2 | T6: CO3 | U6: CO4 | V6: CO5 | W6: CO6 | X6: Total Marks ( Out of 20 )
J7: =SUM(D7:I7) -> 0 | K7: =IF(D7=0,"",D7) | L7: =IF(E7=0,"",E7) | M7: =IF(F7=0,"",F7) | N7: =IF('CO-PO Mapping'!A10="",0,IF(G7=0,0,G7)) -> 0 | O7: =IF('CO-PO Mapping'!A11="",0,IF(H7=0,0,H7)) -> 0 | P7: =IF('CO-PO Mapping'!A12="",0,IF(I7=0,0,I7)) -> 0 | Q7: =SUM(K7:P7) -> 0 | R7: =IFERROR(K7,"") | S7: =IFERROR(L7,"") | T7: =IFERROR(M7,"") | U7: =IFERROR(N7,"") -> 0 | V7: =IFERROR(O7,"") -> 0 | W7: =IFERROR(P7,"") -> 0 | X7: =SUM(R7:W7) -> 0
A8: 1 | B8: =IF('Students Details'!B7="","",'Students Details'!B7) | C8: =IF('Students Details'!C7="","",'Students Details'!C7) | J8: =SUM(D8:I8) -> 0 | K8: =D8 -> 0 | L8: =E8 -> 0 | M8: =F8 -> 0 | N8: =IF('CO-PO Mapping'!$A$10="",0,G8) -> 0 | O8: =IF('CO-PO Mapping'!$A$11="",0,H8) -> 0 | P8: =IF('CO-PO Mapping'!$A$12="",0,I8) -> 0 | Q8: =SUM(K8:P8) -> 0 | R8: =K8 -> 0 | S8: =L8 -> 0 | T8: =M8 -> 0 | U8: =N8 -> 0 | V8: =O8 -> 0 | W8: =P8 -> 0 | X8: =SUM(R8:V8) -> 0
A9: 2 | B9: =IF('Students Details'!B8="","",'Students Details'!B8) | C9: =IF('Students Details'!C8="","",'Students Details'!C8) | J9: =SUM(D9:I9) -> 0 | K9: =D9 -> 0 | L9: =E9 -> 0 | M9: =F9 -> 0 | N9: =IF('CO-PO Mapping'!$A$10="",0,G9) -> 0 | O9: =IF('CO-PO Mapping'!$A$11="",0,H9) -> 0 | P9: =IF('CO-PO Mapping'!$A$12="",0,I9) -> 0 | Q9: =SUM(K9:P9) -> 0 | R9: =K9 -> 0 | S9: =L9 -> 0 | T9: =M9 -> 0 | U9: =N9 -> 0 | V9: =O9 -> 0 | W9: =P9 -> 0 | X9: =SUM(R9:V9) -> 0
A10: 3 | B10: =IF('Students Details'!B9="","",'Students Details'!B9) | C10: =IF('Students Details'!C9="","",'Students Details'!C9) | J10: =SUM(D10:I10) -> 0 | K10: =D10 -> 0 | L10: =E10 -> 0 | M10: =F10 -> 0 | N10: =IF('CO-PO Mapping'!$A$10="",0,G10) -> 0 | O10: =IF('CO-PO Mapping'!$A$11="",0,H10) -> 0 | P10: =IF('CO-PO Mapping'!$A$12="",0,I10) -> 0 | Q10: =SUM(K10:P10) -> 0 | R10: =K10 -> 0 | S10: =L10 -> 0 | T10: =M10 -> 0 | U10: =N10 -> 0 | V10: =O10 -> 0 | W10: =P10 -> 0 | X10: =SUM(R10:V10) -> 0
A11: 4 | B11: =IF('Students Details'!B10="","",'Students Details'!B10) | C11: =IF('Students Details'!C10="","",'Students Details'!C10) | J11: =SUM(D11:I11) -> 0 | K11: =D11 -> 0 | L11: =E11 -> 0 | M11: =F11 -> 0 | N11: =IF('CO-PO Mapping'!$A$10="",0,G11) -> 0 | O11: =IF('CO-PO Mapping'!$A$11="",0,H11) -> 0 | P11: =IF('CO-PO Mapping'!$A$12="",0,I11) -> 0 | Q11: =SUM(K11:P11) -> 0 | R11: =K11 -> 0 | S11: =L11 -> 0 | T11: =M11 -> 0 | U11: =N11 -> 0 | V11: =O11 -> 0 | W11: =P11 -> 0 | X11: =SUM(R11:V11) -> 0
A12: 5 | B12: =IF('Students Details'!B11="","",'Students Details'!B11) | C12: =IF('Students Details'!C11="","",'Students Details'!C11) | J12: =SUM(D12:I12) -> 0 | K12: =D12 -> 0 | L12: =E12 -> 0 | M12: =F12 -> 0 | N12: =IF('CO-PO Mapping'!$A$10="",0,G12) -> 0 | O12: =IF('CO-PO Mapping'!$A$11="",0,H12) -> 0 | P12: =IF('CO-PO Mapping'!$A$12="",0,I12) -> 0 | Q12: =SUM(K12:P12) -> 0 | R12: =K12 -> 0 | S12: =L12 -> 0 | T12: =M12 -> 0 | U12: =N12 -> 0 | V12: =O12 -> 0 | W12: =P12 -> 0 | X12: =SUM(R12:V12) -> 0
A13: 6 | B13: =IF('Students Details'!B12="","",'Students Details'!B12) | C13: =IF('Students Details'!C12="","",'Students Details'!C12) | J13: =SUM(D13:I13) -> 0 | K13: =D13 -> 0 | L13: =E13 -> 0 | M13: =F13 -> 0 | N13: =IF('CO-PO Mapping'!$A$10="",0,G13) -> 0 | O13: =IF('CO-PO Mapping'!$A$11="",0,H13) -> 0 | P13: =IF('CO-PO Mapping'!$A$12="",0,I13) -> 0 | Q13: =SUM(K13:P13) -> 0 | R13: =K13 -> 0 | S13: =L13 -> 0 | T13: =M13 -> 0 | U13: =N13 -> 0 | V13: =O13 -> 0 | W13: =P13 -> 0 | X13: =SUM(R13:V13) -> 0
A14: 7 | B14: =IF('Students Details'!B13="","",'Students Details'!B13) | C14: =IF('Students Details'!C13="","",'Students Details'!C13) | J14: =SUM(D14:I14) -> 0 | K14: =D14 -> 0 | L14: =E14 -> 0 | M14: =F14 -> 0 | N14: =IF('CO-PO Mapping'!$A$10="",0,G14) -> 0 | O14: =IF('CO-PO Mapping'!$A$11="",0,H14) -> 0 | P14: =IF('CO-PO Mapping'!$A$12="",0,I14) -> 0 | Q14: =SUM(K14:P14) -> 0 | R14: =K14 -> 0 | S14: =L14 -> 0 | T14: =M14 -> 0 | U14: =N14 -> 0 | V14: =O14 -> 0 | W14: =P14 -> 0 | X14: =SUM(R14:V14) -> 0
A15: 8 | B15: =IF('Students Details'!B14="","",'Students Details'!B14) | C15: =IF('Students Details'!C14="","",'Students Details'!C14) | J15: =SUM(D15:I15) -> 0 | K15: =D15 -> 0 | L15: =E15 -> 0 | M15: =F15 -> 0 | N15: =IF('CO-PO Mapping'!$A$10="",0,G15) -> 0 | O15: =IF('CO-PO Mapping'!$A$11="",0,H15) -> 0 | P15: =IF('CO-PO Mapping'!$A$12="",0,I15) -> 0 | Q15: =SUM(K15:P15) -> 0 | R15: =K15 -> 0 | S15: =L15 -> 0 | T15: =M15 -> 0 | U15: =N15 -> 0 | V15: =O15 -> 0 | W15: =P15 -> 0 | X15: =SUM(R15:V15) -> 0
A16: 9 | B16: =IF('Students Details'!B15="","",'Students Details'!B15) | C16: =IF('Students Details'!C15="","",'Students Details'!C15) | J16: =SUM(D16:I16) -> 0 | K16: =D16 -> 0 | L16: =E16 -> 0 | M16: =F16 -> 0 | N16: =IF('CO-PO Mapping'!$A$10="",0,G16) -> 0 | O16: =IF('CO-PO Mapping'!$A$11="",0,H16) -> 0 | P16: =IF('CO-PO Mapping'!$A$12="",0,I16) -> 0 | Q16: =SUM(K16:P16) -> 0 | R16: =K16 -> 0 | S16: =L16 -> 0 | T16: =M16 -> 0 | U16: =N16 -> 0 | V16: =O16 -> 0 | W16: =P16 -> 0 | X16: =SUM(R16:V16) -> 0
A17: 10 | B17: =IF('Students Details'!B16="","",'Students Details'!B16) | C17: =IF('Students Details'!C16="","",'Students Details'!C16) | J17: =SUM(D17:I17) -> 0 | K17: =D17 -> 0 | L17: =E17 -> 0 | M17: =F17 -> 0 | N17: =IF('CO-PO Mapping'!$A$10="",0,G17) -> 0 | O17: =IF('CO-PO Mapping'!$A$11="",0,H17) -> 0 | P17: =IF('CO-PO Mapping'!$A$12="",0,I17) -> 0 | Q17: =SUM(K17:P17) -> 0 | R17: =K17 -> 0 | S17: =L17 -> 0 | T17: =M17 -> 0 | U17: =N17 -> 0 | V17: =O17 -> 0 | W17: =P17 -> 0 | X17: =SUM(R17:V17) -> 0
A18: 11 | B18: =IF('Students Details'!B17="","",'Students Details'!B17) | C18: =IF('Students Details'!C17="","",'Students Details'!C17) | J18: =SUM(D18:I18) -> 0 | K18: =D18 -> 0 | L18: =E18 -> 0 | M18: =F18 -> 0 | N18: =IF('CO-PO Mapping'!$A$10="",0,G18) -> 0 | O18: =IF('CO-PO Mapping'!$A$11="",0,H18) -> 0 | P18: =IF('CO-PO Mapping'!$A$12="",0,I18) -> 0 | Q18: =SUM(K18:P18) -> 0 | R18: =K18 -> 0 | S18: =L18 -> 0 | T18: =M18 -> 0 | U18: =N18 -> 0 | V18: =O18 -> 0 | W18: =P18 -> 0 | X18: =SUM(R18:V18) -> 0
A19: 12 | B19: =IF('Students Details'!B18="","",'Students Details'!B18) | C19: =IF('Students Details'!C18="","",'Students Details'!C18) | J19: =SUM(D19:I19) -> 0 | K19: =D19 -> 0 | L19: =E19 -> 0 | M19: =F19 -> 0 | N19: =IF('CO-PO Mapping'!$A$10="",0,G19) -> 0 | O19: =IF('CO-PO Mapping'!$A$11="",0,H19) -> 0 | P19: =IF('CO-PO Mapping'!$A$12="",0,I19) -> 0 | Q19: =SUM(K19:P19) -> 0 | R19: =K19 -> 0 | S19: =L19 -> 0 | T19: =M19 -> 0 | U19: =N19 -> 0 | V19: =O19 -> 0 | W19: =P19 -> 0 | X19: =SUM(R19:V19) -> 0
... A207: 200 | B207: =IF('Students Details'!B206="","",'Students Details'!B206) | C207: =IF('Students Details'!C206="","",'Students Details'!C206) | J207: =SUM(D207:I207) -> 0 | K207: =D207 -> 0 | L207: =E207 -> 0 | M207: =F207 -> 0 | N207: =IF('CO-PO Mapping'!$A$10="",0,G207) -> 0 | O207: =IF('CO-PO Mapping'!$A$11="",0,H207) -> 0 | P207: =IF('CO-PO Mapping'!$A$12="",0,I207) -> 0 | Q207: =SUM(K207:P207) -> 0 | R207: =K207 -> 0 | S207: =L207 -> 0 | T207: =M207 -> 0 | U207: =N207 -> 0 | V207: =O207 -> 0 | W207: =P207 -> 0 | X207: =SUM(R207:V207) -> 0

Sheet M
A1: ='CO-PO Mapping'!A1:N1 -> Robotics
A2: ='CO-PO Mapping'!A2 -> 3110002 | B2: ='CO-PO Mapping'!B2 -> English
A3: M Component CO attainment
A4: Sr. No. | B4: Enrollment No. | C4: Students Name | D4: CO1 | E4: CO2 | F4: CO3 | G4: CO4 | H4: CO5 | I4: CO-6 | J4: Total
C6: Marks | D6: =IF('CO-PO Mapping'!F17="","",IF('M Component'!K7=0,"",'M Component'!K7)) | E6: =IF('CO-PO Mapping'!F17="","",IF('M Component'!L7=0,"",'M Component'!L7)) | F6: =IF('CO-PO Mapping'!F17="","",IF('M Component'!M7=0,"",'M Component'!M7)) | G6: =IF('CO-PO Mapping'!F17="","",IF('M Component'!N7=0,"",'M Component'!N7)) | H6: =IF('CO-PO Mapping'!F17="","",IF('M Component'!O7=0,"",'M Component'!O7)) | I6: =IF('CO-PO Mapping'!F17="","",IF('M Component'!P7=0,"",'M Component'!P7)) | J6: =SUM(D6:I6) -> 0
A7: ='Students Details'!A7 -> 1 | B7: =IF('Students Details'!B7="","",'Students Details'!B7) | C7: =IF('Students Details'!C7="","",'Students Details'!C7) | D7: =IF('M Component'!K8=0,"",'M Component'!K8) | E7: =IF('M Component'!L8=0,"",'M Component'!L8) | F7: =IF('M Component'!M8=0,"",'M Component'!M8) | G7: =IF('M Component'!N8=0,"",'M Component'!N8) | H7: =IF('M Component'!O8=0,"",'M Component'!O8) | I7: =IF('M Component'!P8=0,"",'M Component'!P8) | J7: =SUM(D7:I7) -> 0
A8: ='Students Details'!A8 -> 2 | B8: =IF('Students Details'!B8="","",'Students Details'!B8) | C8: =IF('Students Details'!C8="","",'Students Details'!C8) | D8: =IF('M Component'!K9=0,"",'M Component'!K9) | E8: =IF('M Component'!L9=0,"",'M Component'!L9) | F8: =IF('M Component'!M9=0,"",'M Component'!M9) | G8: =IF('M Component'!N9=0,"",'M Component'!N9) | H8: =IF('M Component'!O9=0,"",'M Component'!O9) | I8: =IF('M Component'!P9=0,"",'M Component'!P9) | J8: =SUM(D8:I8) -> 0
A9: ='Students Details'!A9 -> 3 | B9: =IF('Students Details'!B9="","",'Students Details'!B9) | C9: =IF('Students Details'!C9="","",'Students Details'!C9) | D9: =IF('M Component'!K10=0,"",'M Component'!K10) | E9: =IF('M Component'!L10=0,"",'M Component'!L10) | F9: =IF('M Component'!M10=0,"",'M Component'!M10) | G9: =IF('M Component'!N10=0,"",'M Component'!N10) | H9: =IF('M Component'!O10=0,"",'M Component'!O10) | I9: =IF('M Component'!P10=0,"",'M Component'!P10) | J9: =SUM(D9:I9) -> 0
A10: ='Students Details'!A10 -> 4 | B10: =IF('Students Details'!B10="","",'Students Details'!B10) | C10: =IF('Students Details'!C10="","",'Students Details'!C10) | D10: =IF('M Component'!K11=0,"",'M Component'!K11) | E10: =IF('M Component'!L11=0,"",'M Component'!L11) | F10: =IF('M Component'!M11=0,"",'M Component'!M11) | G10: =IF('M Component'!N11=0,"",'M Component'!N11) | H10: =IF('M Component'!O11=0,"",'M Component'!O11) | I10: =IF('M Component'!P11=0,"",'M Component'!P11) | J10: =SUM(D10:I10) -> 0
A11: ='Students Details'!A11 -> 5 | B11: =IF('Students Details'!B11="","",'Students Details'!B11) | C11: =IF('Students Details'!C11="","",'Students Details'!C11) | D11: =IF('M Component'!K12=0,"",'M Component'!K12) | E11: =IF('M Component'!L12=0,"",'M Component'!L12) | F11: =IF('M Component'!M12=0,"",'M Component'!M12) | G11: =IF('M Component'!N12=0,"",'M Component'!N12) | H11: =IF('M Component'!O12=0,"",'M Component'!O12) | I11: =IF('M Component'!P12=0,"",'M Component'!P12) | J11: =SUM(D11:I11) -> 0
A12: ='Students Details'!A12 -> 6 | B12: =IF('Students Details'!B12="","",'Students Details'!B12) | C12: =IF('Students Details'!C12="","",'Students Details'!C12) | D12: =IF('M Component'!K13=0,"",'M Component'!K13) | E12: =IF('M Component'!L13=0,"",'M Component'!L13) | F12: =IF('M Component'!M13=0,"",'M Component'!M13) | G12: =IF('M Component'!N13=0,"",'M Component'!N13) | H12: =IF('M Component'!O13=0,"",'M Component'!O13) | I12: =IF('M Component'!P13=0,"",'M Component'!P13) | J12: =SUM(D12:I12) -> 0
A13: ='Students Details'!A13 -> 7 | B13: =IF('Students Details'!B13="","",'Students Details'!B13) | C13: =IF('Students Details'!C13="","",'Students Details'!C13) | D13: =IF('M Component'!K14=0,"",'M Component'!K14) | E13: =IF('M Component'!L14=0,"",'M Component'!L14) | F13: =IF('M Component'!M14=0,"",'M Component'!M14) | G13: =IF('M Component'!N14=0,"",'M Component'!N14) | H13: =IF('M Component'!O14=0,"",'M Component'!O14) | I13: =IF('M Component'!P14=0,"",'M Component'!P14) | J13: =SUM(D13:I13) -> 0
A14: ='Students Details'!A14 -> 8 | B14: =IF('Students Details'!B14="","",'Students Details'!B14) | C14: =IF('Students Details'!C14="","",'Students Details'!C14) | D14: =IF('M Component'!K15=0,"",'M Component'!K15) | E14: =IF('M Component'!L15=0,"",'M Component'!L15) | F14: =IF('M Component'!M15=0,"",'M Component'!M15) | G14: =IF('M Component'!N15=0,"",'M Component'!N15) | H14: =IF('M Component'!O15=0,"",'M Component'!O15) | I14: =IF('M Component'!P15=0,"",'M Component'!P15) | J14: =SUM(D14:I14) -> 0
A15: ='Students Details'!A15 -> 9 | B15: =IF('Students Details'!B15="","",'Students Details'!B15) | C15: =IF('Students Details'!C15="","",'Students Details'!C15) | D15: =IF('M Component'!K16=0,"",'M Component'!K16) | E15: =IF('M Component'!L16=0,"",'M Component'!L16) | F15: =IF('M Component'!M16=0,"",'M Component'!M16) | G15: =IF('M Component'!N16=0,"",'M Component'!N16) | H15: =IF('M Component'!O16=0,"",'M Component'!O16) | I15: =IF('M Component'!P16=0,"",'M Component'!P16) | J15: =SUM(D15:I15) -> 0
A16: ='Students Details'!A16 -> 10 | B16: =IF('Students Details'!B16="","",'Students Details'!B16) | C16: =IF('Students Details'!C16="","",'Students Details'!C16) | D16: =IF('M Component'!K17=0,"",'M Component'!K17) | E16: =IF('M Component'!L17=0,"",'M Component'!L17) | F16: =IF('M Component'!M17=0,"",'M Component'!M17) | G16: =IF('M Component'!N17=0,"",'M Component'!N17) | H16: =IF('M Component'!O17=0,"",'M Component'!O17) | I16: =IF('M Component'!P17=0,"",'M Component'!P17) | J16: =SUM(D16:I16) -> 0
A17: ='Students Details'!A17 -> 11 | B17: =IF('Students Details'!B17="","",'Students Details'!B17) | C17: =IF('Students Details'!C17="","",'Students Details'!C17) | D17: =IF('M Component'!K18=0,"",'M Component'!K18) | E17: =IF('M Component'!L18=0,"",'M Component'!L18) | F17: =IF('M Component'!M18=0,"",'M Component'!M18) | G17: =IF('M Component'!N18=0,"",'M Component'!N18) | H17: =IF('M Component'!O18=0,"",'M Component'!O18) | I17: =IF('M Component'!P18=0,"",'M Component'!P18) | J17: =SUM(D17:I17) -> 0
A18: ='Students Details'!A18 -> 12 | B18: =IF('Students Details'!B18="","",'Students Details'!B18) | C18: =IF('Students Details'!C18="","",'Students Details'!C18) | D18: =IF('M Component'!K19=0,"",'M Component'!K19) | E18: =IF('M Component'!L19=0,"",'M Component'!L19) | F18: =IF('M Component'!M19=0,"",'M Component'!M19) | G18: =IF('M Component'!N19=0,"",'M Component'!N19) | H18: =IF('M Component'!O19=0,"",'M Component'!O19) | I18: =IF('M Component'!P19=0,"",'M Component'!P19) | J18: =SUM(D18:I18) -> 0
... A206: ='Students Details'!A206 -> 0 | B206: =IF('Students Details'!B206="","",'Students Details'!B206) | C206: =IF('Students Details'!C206="","",'Students Details'!C206) | D206: =IF('M Component'!K207=0,"",'M Component'!K207) | E206: =IF('M Component'!L207=0,"",'M Component'!L207) | F206: =IF('M Component'!M207=0,"",'M Component'!M207) | G206: =IF('M Component'!N207=0,"",'M Component'!N207) | H206: =IF('M Component'!O207=0,"",'M Component'!O207) | I206: =IF('M Component'!P207=0,"",'M Component'!P207) | J206: =SUM(D206:I206) -> 0
A208: Total Student | B208: =COUNT(B7:B206) -> 0 | C208: Target Value | D208: =J208 -> 40 | E208: =J208 -> 40 | F208: =J208 -> 40 | G208: =J208 -> 40 | H208: =J208 -> 40 | I208: =J208 -> 40 | J208: ='CO-PO Mapping'!E30 -> 40
C209: Attainment Level Marks as per Target | D209: =IFERROR(D208*D6/100,"") | E209: =IFERROR(E208*E6/100,"") | F209: =IFERROR(F208*F6/100,"") | G209: =IFERROR(G208*G6/100,"") | H209: =IFERROR(H208*H6/100,"") | I209: =IFERROR(I208*I6/100,"") | J209: =IF(J6=0,"",J208*J6/100)
C211: No. of students above attainment level | D211: =COUNTIF(D7:D206,">="&D209) -> 0 | E211: =COUNTIF(E7:E206,">="&E209) -> 0 | F211: =COUNTIF(F7:F206,">="&F209) -> 0 | G211: =COUNTIF(G7:G206,">="&G209) -> 0 | H211: =COUNTIF(H7:H206,">="&H209) -> 0 | I211: =COUNTIF(I7:I206,">="&I209) -> 0 | J211: =COUNTIF(J7:J206,">="&J209) -> 0
C213: % of students above attainment level | D213: =D211/$B$208*100 -> #DIV/0! | E213: =E211/$B$208*100 -> #DIV/0! | F213: =F211/$B$208*100 -> #DIV/0! | G213: =G211/$B$208*100 -> #DIV/0! | H213: =H211/$B$208*100 -> #DIV/0! | I213: =I211/$B$208*100 -> #DIV/0! | J213: =J211/$B$208*100 -> #DIV/0!
C215: Attainment level- Tv | D215: =IF(D6="","",IF(D213<='CO-PO Mapping'!L27,0,IF(D213<='CO-PO Mapping'!L28,1,IF(D213<='CO-PO Mapping'!L29,2,3)))) | E215: =IF(E6="","",IF(E213<='CO-PO Mapping'!L27,0,IF(E213<='CO-PO Mapping'!L28,1,IF(E213<='CO-PO Mapping'!L29,2,3)))) | F215: =IF(F6="","",IF(F213<='CO-PO Mapping'!L27,0,IF(F213<='CO-PO Mapping'!L28,1,IF(F213<='CO-PO Mapping'!L29,2,3)))) | G215: =IF(G6="","",IF(G213<='CO-PO Mapping'!L27,0,IF(G213<='CO-PO Mapping'!L28,1,IF(G213<='CO-PO Mapping'!L29,2,3)))) | H215: =IF(H6="","",IF(H213<='CO-PO Mapping'!L27,0,IF(H213<='CO-PO Mapping'!L28,1,IF(H213<='CO-PO Mapping'!L29,2,3)))) | I215: =IF(I6="","",IF(I213<='CO-PO Mapping'!L27,0,IF(I213<='CO-PO Mapping'!L28,1,IF(I213<='CO-PO Mapping'!L29,2,3)))) | J215: =IF(J6=0,"",IF(J213<='CO-PO Mapping'!L27,0,IF(J213<='CO-PO Mapping'!L28,1,IF(J213<='CO-PO Mapping'!L29,2,3))))
C216: =IF($B$216=1,C215,IF($B$216=2,#REF!,IF($B$216=3,#REF!))) -> FALSE | D216: =IF($J$6="0","0",IF(D6="","",D215)) | E216: =IF($J$6="0","0",IF(E6="","",E215)) | F216: =IF($J$6="0","0",IF(F6="","",F215)) | G216: =IF($J$6="0","0",IF(G6="","",G215)) | H216: =IF($J$6="0","0",IF(H6="","",H215)) | J216: =IF($J$6="0","0",J215)

Sheet I
A1: ='CO-PO Mapping'!A1:N1 -> Robotics
A2: ='CO-PO Mapping'!A2 -> 3110002 | B2: ='CO-PO Mapping'!B2 -> English
A3: I Component CO attainment
A4: Sr. No. | B4: Enrolment No. | C4: Students Name | D4: CO-1 | E4: CO-2 | F4: CO-3 | G4: CO-4 | H4: CO-5 | I4: CO-6 | J4: Total
C6: Marks | D6: =IF('CO-PO Mapping'!H17="","",IF('I Component'!R7=0,"",'I Component'!R7)) | E6: =IF('CO-PO Mapping'!H17="","",IF('I Component'!S7=0,"",'I Component'!S7)) | F6: =IF('CO-PO Mapping'!H17="","",IF('I Component'!T7=0,"",'I Component'!T7)) | G6: =IF('CO-PO Mapping'!H17="","",IF('I Component'!U7=0,"",'I Component'!U7)) | H6: =IF('CO-PO Mapping'!H17="","",IF('I Component'!V7=0,"",'I Component'!V7)) | I6: =IF('CO-PO Mapping'!H17="","",IF('I Component'!W7=0,"",'I Component'!W7)) | J6: =SUM(D6:I6) -> 0
A7: ='Students Details'!A7 -> 1 | B7: =IF('Students Details'!B7="","",'Students Details'!B7) | C7: =IF('Students Details'!C7="","",'Students Details'!C7) | D7: =IF('I Component'!R8=0,"",'I Component'!R8) | E7: =IF('I Component'!S8=0,"",'I Component'!S8) | F7: =IF('I Component'!T8=0,"",'I Component'!T8) | G7: =IF('I Component'!U8=0,"",'I Component'!U8) | H7: =IF('I Component'!V8=0,"",'I Component'!V8) | I7: =IF('I Component'!W8=0,"",'I Component'!W8) | J7: =SUM(D7:H7) -> 0
A8: ='Students Details'!A8 -> 2 | B8: =IF('Students Details'!B8="","",'Students Details'!B8) | C8: =IF('Students Details'!C8="","",'Students Details'!C8) | D8: =IF('I Component'!R9=0,"",'I Component'!R9) | E8: =IF('I Component'!S9=0,"",'I Component'!S9) | F8: =IF('I Component'!T9=0,"",'I Component'!T9) | G8: =IF('I Component'!U9=0,"",'I Component'!U9) | H8: =IF('I Component'!V9=0,"",'I Component'!V9) | I8: =IF('I Component'!W9=0,"",'I Component'!W9) | J8: =SUM(D8:H8) -> 0
A9: ='Students Details'!A9 -> 3 | B9: =IF('Students Details'!B9="","",'Students Details'!B9) | C9: =IF('Students Details'!C9="","",'Students Details'!C9) | D9: =IF('I Component'!R10=0,"",'I Component'!R10) | E9: =IF('I Component'!S10=0,"",'I Component'!S10) | F9: =IF('I Component'!T10=0,"",'I Component'!T10) | G9: =IF('I Component'!U10=0,"",'I Component'!U10) | H9: =IF('I Component'!V10=0,"",'I Component'!V10) | I9: =IF('I Component'!W10=0,"",'I Component'!W10) | J9: =SUM(D9:H9) -> 0
A10: ='Students Details'!A10 -> 4 | B10: =IF('Students Details'!B10="","",'Students Details'!B10) | C10: =IF('Students Details'!C10="","",'Students Details'!C10) | D10: =IF('I Component'!R11=0,"",'I Component'!R11) | E10: =IF('I Component'!S11=0,"",'I Component'!S11) | F10: =IF('I Component'!T11=0,"",'I Component'!T11) | G10: =IF('I Component'!U11=0,"",'I Component'!U11) | H10: =IF('I Component'!V11=0,"",'I Component'!V11) | I10: =IF('I Component'!W11=0,"",'I Component'!W11) | J10: =SUM(D10:H10) -> 0
A11: ='Students Details'!A11 -> 5 | B11: =IF('Students Details'!B11="","",'Students Details'!B11) | C11: =IF('Students Details'!C11="","",'Students Details'!C11) | D11: =IF('I Component'!R12=0,"",'I Component'!R12) | E11: =IF('I Component'!S12=0,"",'I Component'!S12) | F11: =IF('I Component'!T12=0,"",'I Component'!T12) | G11: =IF('I Component'!U12=0,"",'I Component'!U12) | H11: =IF('I Component'!V12=0,"",'I Component'!V12) | I11: =IF('I Component'!W12=0,"",'I Component'!W12) | J11: =SUM(D11:H11) -> 0
A12: ='Students Details'!A12 -> 6 | B12: =IF('Students Details'!B12="","",'Students Details'!B12) | C12: =IF('Students Details'!C12="","",'Students Details'!C12) | D12: =IF('I Component'!R13=0,"",'I Component'!R13) | E12: =IF('I Component'!S13=0,"",'I Component'!S13) | F12: =IF('I Component'!T13=0,"",'I Component'!T13) | G12: =IF('I Component'!U13=0,"",'I Component'!U13) | H12: =IF('I Component'!V13=0,"",'I Component'!V13) | I12: =IF('I Component'!W13=0,"",'I Component'!W13) | J12: =SUM(D12:H12) -> 0
A13: ='Students Details'!A13 -> 7 | B13: =IF('Students Details'!B13="","",'Students Details'!B13) | C13: =IF('Students Details'!C13="","",'Students Details'!C13) | D13: =IF('I Component'!R14=0,"",'I Component'!R14) | E13: =IF('I Component'!S14=0,"",'I Component'!S14) | F13: =IF('I Component'!T14=0,"",'I Component'!T14) | G13: =IF('I Component'!U14=0,"",'I Component'!U14) | H13: =IF('I Component'!V14=0,"",'I Component'!V14) | I13: =IF('I Component'!W14=0,"",'I Component'!W14) | J13: =SUM(D13:H13) -> 0
A14: ='Students Details'!A14 -> 8 | B14: =IF('Students Details'!B14="","",'Students Details'!B14) | C14: =IF('Students Details'!C14="","",'Students Details'!C14) | D14: =IF('I Component'!R15=0,"",'I Component'!R15) | E14: =IF('I Component'!S15=0,"",'I Component'!S15) | F14: =IF('I Component'!T15=0,"",'I Component'!T15) | G14: =IF('I Component'!U15=0,"",'I Component'!U15) | H14: =IF('I Component'!V15=0,"",'I Component'!V15) | I14: =IF('I Component'!W15=0,"",'I Component'!W15) | J14: =SUM(D14:H14) -> 0
A15: ='Students Details'!A15 -> 9 | B15: =IF('Students Details'!B15="","",'Students Details'!B15) | C15: =IF('Students Details'!C15="","",'Students Details'!C15) | D15: =IF('I Component'!R16=0,"",'I Component'!R16) | E15: =IF('I Component'!S16=0,"",'I Component'!S16) | F15: =IF('I Component'!T16=0,"",'I Component'!T16) | G15: =IF('I Component'!U16=0,"",'I Component'!U16) | H15: =IF('I Component'!V16=0,"",'I Component'!V16) | I15: =IF('I Component'!W16=0,"",'I Component'!W16) | J15: =SUM(D15:H15) -> 0
A16: ='Students Details'!A16 -> 10 | B16: =IF('Students Details'!B16="","",'Students Details'!B16) | C16: =IF('Students Details'!C16="","",'Students Details'!C16) | D16: =IF('I Component'!R17=0,"",'I Component'!R17) | E16: =IF('I Component'!S17=0,"",'I Component'!S17) | F16: =IF('I Component'!T17=0,"",'I Component'!T17) | G16: =IF('I Component'!U17=0,"",'I Component'!U17) | H16: =IF('I Component'!V17=0,"",'I Component'!V17) | I16: =IF('I Component'!W17=0,"",'I Component'!W17) | J16: =SUM(D16:H16) -> 0
A17: ='Students Details'!A17 -> 11 | B17: =IF('Students Details'!B17="","",'Students Details'!B17) | C17: =IF('Students Details'!C17="","",'Students Details'!C17) | D17: =IF('I Component'!R18=0,"",'I Component'!R18) | E17: =IF('I Component'!S18=0,"",'I Component'!S18) | F17: =IF('I Component'!T18=0,"",'I Component'!T18) | G17: =IF('I Component'!U18=0,"",'I Component'!U18) | H17: =IF('I Component'!V18=0,"",'I Component'!V18) | I17: =IF('I Component'!W18=0,"",'I Component'!W18) | J17: =SUM(D17:H17) -> 0
A18: ='Students Details'!A18 -> 12 | B18: =IF('Students Details'!B18="","",'Students Details'!B18) | C18: =IF('Students Details'!C18="","",'Students Details'!C18) | D18: =IF('I Component'!R19=0,"",'I Component'!R19) | E18: =IF('I Component'!S19=0,"",'I Component'!S19) | F18: =IF('I Component'!T19=0,"",'I Component'!T19) | G18: =IF('I Component'!U19=0,"",'I Component'!U19) | H18: =IF('I Component'!V19=0,"",'I Component'!V19) | I18: =IF('I Component'!W19=0,"",'I Component'!W19) | J18: =SUM(D18:H18) -> 0
... A206: ='Students Details'!A206 -> 0 | B206: =IF('Students Details'!B206="","",'Students Details'!B206) | C206: =IF('Students Details'!C206="","",'Students Details'!C206) | D206: =IF('I Component'!R207=0,"",'I Component'!R207) | E206: =IF('I Component'!S207=0,"",'I Component'!S207) | F206: =IF('I Component'!T207=0,"",'I Component'!T207) | G206: =IF('I Component'!U207=0,"",'I Component'!U207) | H206: =IF('I Component'!V207=0,"",'I Component'!V207) | I206: =IF('I Component'!W207=0,"",'I Component'!W207) | J206: =SUM(D206:H206) -> 0
A208: Total Student | B208: =COUNT(B7:B206) -> 0 | C208: Target Value | D208: =J208 -> 40 | E208: =J208 -> 40 | F208: =J208 -> 40 | G208: =J208 -> 40 | H208: =J208 -> 40 | I208: =J208 -> 40 | J208: ='CO-PO Mapping'!E30 -> 40
C209: Attainment Level Marks as per Target | D209: =IFERROR(D208*D6/100,"") | E209: =IFERROR(E208*E6/100,"") | F209: =IFERROR(F208*F6/100,"") | G209: =IFERROR(G208*G6/100,"") | H209: =IFERROR(H208*H6/100,"") | I209: =IFERROR(I208*I6/100,"") | J209: =IF(J6=0,"",J208*J6/100)
C211: No. of students above attainment level | D211: =COUNTIF(D7:D206,">="&D209) -> 0 | E211: =COUNTIF(E7:E206,">="&E209) -> 0 | F211: =COUNTIF(F7:F206,">="&F209) -> 0 | G211: =COUNTIF(G7:G206,">="&G209) -> 0 | H211: =COUNTIF(H7:H206,">="&H209) -> 0 | I211: =COUNTIF(I7:I206,">="&I209) -> 0 | J211: =COUNTIF(J7:J206,">="&J209) -> 0
C213: % of students above attainment level | D213: =D211/$B$208*100 -> #DIV/0! | E213: =E211/$B$208*100 -> #DIV/0! | F213: =F211/$B$208*100 -> #DIV/0! | G213: =G211/$B$208*100 -> #DIV/0! | H213: =H211/$B$208*100 -> #DIV/0! | I213: =I211/$B$208*100 -> #DIV/0! | J213: =J211/$B$208*100 -> #DIV/0!
C215: Attainment level | D215: =IF(D6="","",IF(D213<='CO-PO Mapping'!L27,0,IF(D213<='CO-PO Mapping'!L28,1,IF(D213<='CO-PO Mapping'!L29,2,3)))) | E215: =IF(E6="","",IF(E213<='CO-PO Mapping'!$L$27,0,IF(E213<='CO-PO Mapping'!$L$28,1,IF(E213<='CO-PO Mapping'!$L$29,2,3)))) | F215: =IF(F6="","",IF(F213<='CO-PO Mapping'!$L$27,0,IF(F213<='CO-PO Mapping'!$L$28,1,IF(F213<='CO-PO Mapping'!$L$29,2,3)))) | G215: =IF(G6="","",IF(G213<='CO-PO Mapping'!$L$27,0,IF(G213<='CO-PO Mapping'!$L$28,1,IF(G213<='CO-PO Mapping'!$L$29,2,3)))) | H215: =IF(H6="","",IF(H213<='CO-PO Mapping'!$L$27,0,IF(H213<='CO-PO Mapping'!$L$28,1,IF(H213<='CO-PO Mapping'!$L$29,2,3)))) | I215: =IF(I6="","",IF(I213<='CO-PO Mapping'!$L$27,0,IF(I213<='CO-PO Mapping'!$L$28,1,IF(I213<='CO-PO Mapping'!$L$29,2,3)))) | J215: =IF(J6="","",IF(J213<='CO-PO Mapping'!$L$27,0,IF(J213<='CO-PO Mapping'!$L$28,1,IF(J213<='CO-PO Mapping'!$L$29,2,3)))) -> #DIV/0!
C216: =IF($B$216=1,C215,IF($B$216=2,#REF!,IF($B$216=3,#REF!))) -> FALSE | D216: =IF($J$6="0","0",D215) | E216: =IF($J$6="0","0",E215) | F216: =IF($J$6="0","0",F215) | G216: =IF($J$6="0","0",G215) | H216: =IF($J$6="0","0",H215) | J216: =IF($J$6="0","0",J215) -> #DIV/0!

Sheet E
A1: ='CO-PO Mapping'!A1:N1 -> Robotics
A2: ='CO-PO Mapping'!A2 -> 3110002 | B2: ='CO-PO Mapping'!B2 -> English | K2: Grade | M2: Grade to Marks Mapping
A3: University External Exam CO attainment | M3: Grade | N3: % | O3: ESE Marks
A4: Sr. No. | B4: Enrollment No. | C4: Students Name | D4: CO1 | E4: CO2 | F4: CO3 | G4: CO4 | H4: CO5 | I4: CO6 | J4: Total marks | N4: 100 | O4: 70
M5: AA | N5: 92.5 | O5: =N5%*$O$4 -> 64.75
C6: Marks | D6: =IF('CO-PO Mapping'!E17="","",IF(P19=0,"",P19)) | E6: =IF('CO-PO Mapping'!E17="","",IF(P20=0,"",P20)) | F6: =IF('CO-PO Mapping'!E17="","",IF(P21=0,"",P21)) | G6: =IF('CO-PO Mapping'!E17="","",IF(P22=0,"",P22)) | H6: =IF('CO-PO Mapping'!E17="","",IF(P23=0,"",P23)) | I6: =IF('CO-PO Mapping'!E17="","",IF(P24=0,"",P24)) | J6: =SUM(D6:H6) -> 0 | M6: AB | N6: 80 | O6: =N6%*$O$4 -> 56
A7: ='Students Details'!A7 -> 1 | B7: =IF('Students Details'!B7="","",'Students Details'!B7) | C7: =IF('Students Details'!C7="","",'Students Details'!C7) | D7: =IF(K7="","",$O$19%*J7) | E7: =IF(K7="","",$O$20%*J7) | F7: =IF(K7="","",$O$21%*J7) | G7: =IF($N$22="","",IF(K7="","",$O$22%*J7)) | H7: =IF($N$23="","",IF(K7="","",$O$23%*J7)) | I7: =IF($N$24="","",IF(K7="","",$O$24%*J7)) | J7: =IF(K7="","",LOOKUP(K7,$M$5:$M$12,$O$5:$O$12)) | M7: BB | N7: 70 | O7: =N7%*$O$4 -> 49
A8: ='Students Details'!A8 -> 2 | B8: =IF('Students Details'!B8="","",'Students Details'!B8) | C8: =IF('Students Details'!C8="","",'Students Details'!C8) | D8: =IF(K8="","",$O$19%*J8) | E8: =IF(K8="","",$O$20%*J8) | F8: =IF(K8="","",$O$21%*J8) | G8: =IF($N$22="","",IF(K8="","",$O$22%*J8)) | H8: =IF($N$23="","",IF(K8="","",$O$23%*J8)) | I8: =IF($N$24="","",IF(K8="","",$O$24%*J8)) | J8: =IF(K8="","",LOOKUP(K8,$M$5:$M$12,$O$5:$O$12)) | M8: BC | N8: 60 | O8: =N8%*$O$4 -> 42
A9: ='Students Details'!A9 -> 3 | B9: =IF('Students Details'!B9="","",'Students Details'!B9) | C9: =IF('Students Details'!C9="","",'Students Details'!C9) | D9: =IF(K9="","",$O$19%*J9) | E9: =IF(K9="","",$O$20%*J9) | F9: =IF(K9="","",$O$21%*J9) | G9: =IF($N$22="","",IF(K9="","",$O$22%*J9)) | H9: =IF($N$23="","",IF(K9="","",$O$23%*J9)) | I9: =IF($N$24="","",IF(K9="","",$O$24%*J9)) | J9: =IF(K9="","",LOOKUP(K9,$M$5:$M$12,$O$5:$O$12)) | M9: CC | N9: 50 | O9: =N9%*$O$4 -> 35
A10: ='Students Details'!A10 -> 4 | B10: =IF('Students Details'!B10="","",'Students Details'!B10) | C10: =IF('Students Details'!C10="","",'Students Details'!C10) | D10: =IF(K10="","",$O$19%*J10) | E10: =IF(K10="","",$O$20%*J10) | F10: =IF(K10="","",$O$21%*J10) | G10: =IF($N$22="","",IF(K10="","",$O$22%*J10)) | H10: =IF($N$23="","",IF(K10="","",$O$23%*J10)) | I10: =IF($N$24="","",IF(K10="","",$O$24%*J10)) | J10: =IF(K10="","",LOOKUP(K10,$M$5:$M$12,$O$5:$O$12)) | M10: CD | N10: 42 | O10: =N10%*$O$4 -> 29.4
A11: ='Students Details'!A11 -> 5 | B11: =IF('Students Details'!B11="","",'Students Details'!B11) | C11: =IF('Students Details'!C11="","",'Students Details'!C11) | D11: =IF(K11="","",$O$19%*J11) | E11: =IF(K11="","",$O$20%*J11) | F11: =IF(K11="","",$O$21%*J11) | G11: =IF($N$22="","",IF(K11="","",$O$22%*J11)) | H11: =IF($N$23="","",IF(K11="","",$O$23%*J11)) | I11: =IF($N$24="","",IF(K11="","",$O$24%*J11)) | J11: =IF(K11="","",LOOKUP(K11,$M$5:$M$12,$O$5:$O$12)) | M11: DD | N11: 40 | O11: =N11%*$O$4 -> 28
A12: ='Students Details'!A12 -> 6 | B12: =IF('Students Details'!B12="","",'Students Details'!B12) | C12: =IF('Students Details'!C12="","",'Students Details'!C12) | D12: =IF(K12="","",$O$19%*J12) | E12: =IF(K12="","",$O$20%*J12) | F12: =IF(K12="","",$O$21%*J12) | G12: =IF($N$22="","",IF(K12="","",$O$22%*J12)) | H12: =IF($N$23="","",IF(K12="","",$O$23%*J12)) | I12: =IF($N$24="","",IF(K12="","",$O$24%*J12)) | J12: =IF(K12="","",LOOKUP(K12,$M$5:$M$12,$O$5:$O$12)) | M12: FF | N12: 32 | O12: =N12%*$O$4 -> 22.4
A13: ='Students Details'!A13 -> 7 | B13: =IF('Students Details'!B13="","",'Students Details'!B13) | C13: =IF('Students Details'!C13="","",'Students Details'!C13) | D13: =IF(K13="","",$O$19%*J13) | E13: =IF(K13="","",$O$20%*J13) | F13: =IF(K13="","",$O$21%*J13) | G13: =IF($N$22="","",IF(K13="","",$O$22%*J13)) | H13: =IF($N$23="","",IF(K13="","",$O$23%*J13)) | I13: =IF($N$24="","",IF(K13="","",$O$24%*J13)) | J13: =IF(K13="","",LOOKUP(K13,$M$5:$M$12,$O$5:$O$12))
A14: ='Students Details'!A14 -> 8 | B14: =IF('Students Details'!B14="","",'Students Details'!B14) | C14: =IF('Students Details'!C14="","",'Students Details'!C14) | D14: =IF(K14="","",$O$19%*J14) | E14: =IF(K14="","",$O$20%*J14) | F14: =IF(K14="","",$O$21%*J14) | G14: =IF($N$22="","",IF(K14="","",$O$22%*J14)) | H14: =IF($N$23="","",IF(K14="","",$O$23%*J14)) | I14: =IF($N$24="","",IF(K14="","",$O$24%*J14)) | J14: =IF(K14="","",LOOKUP(K14,$M$5:$M$12,$O$5:$O$12))
A15: ='Students Details'!A15 -> 9 | B15: =IF('Students Details'!B15="","",'Students Details'!B15) | C15: =IF('Students Details'!C15="","",'Students Details'!C15) | D15: =IF(K15="","",$O$19%*J15) | E15: =IF(K15="","",$O$20%*J15) | F15: =IF(K15="","",$O$21%*J15) | G15: =IF($N$22="","",IF(K15="","",$O$22%*J15)) | H15: =IF($N$23="","",IF(K15="","",$O$23%*J15)) | I15: =IF($N$24="","",IF(K15="","",$O$24%*J15)) | J15: =IF(K15="","",LOOKUP(K15,$M$5:$M$12,$O$5:$O$12))
A16: ='Students Details'!A16 -> 10 | B16: =IF('Students Details'!B16="","",'Students Details'!B16) | C16: =IF('Students Details'!C16="","",'Students Details'!C16) | D16: =IF(K16="","",$O$19%*J16) | E16: =IF(K16="","",$O$20%*J16) | F16: =IF(K16="","",$O$21%*J16) | G16: =IF($N$22="","",IF(K16="","",$O$22%*J16)) | H16: =IF($N$23="","",IF(K16="","",$O$23%*J16)) | I16: =IF($N$24="","",IF(K16="","",$O$24%*J16)) | J16: =IF(K16="","",LOOKUP(K16,$M$5:$M$12,$O$5:$O$12)) | M16: CO wise weightage of ESE
A17: ='Students Details'!A17 -> 11 | B17: =IF('Students Details'!B17="","",'Students Details'!B17) | C17: =IF('Students Details'!C17="","",'Students Details'!C17) | D17: =IF(K17="","",$O$19%*J17) | E17: =IF(K17="","",$O$20%*J17) | F17: =IF(K17="","",$O$21%*J17) | G17: =IF($N$22="","",IF(K17="","",$O$22%*J17)) | H17: =IF($N$23="","",IF(K17="","",$O$23%*J17)) | I17: =IF($N$24="","",IF(K17="","",$O$24%*J17)) | J17: =IF(K17="","",LOOKUP(K17,$M$5:$M$12,$O$5:$O$12))
A18: ='Students Details'!A18 -> 12 | B18: =IF('Students Details'!B18="","",'Students Details'!B18) | C18: =IF('Students Details'!C18="","",'Students Details'!C18) | D18: =IF(K18="","",$O$19%*J18) | E18: =IF(K18="","",$O$20%*J18) | F18: =IF(K18="","",$O$21%*J18) | G18: =IF($N$22="","",IF(K18="","",$O$22%*J18)) | H18: =IF($N$23="","",IF(K18="","",$O$23%*J18)) | I18: =IF($N$24="","",IF(K18="","",$O$24%*J18)) | J18: =IF(K18="","",LOOKUP(K18,$M$5:$M$12,$O$5:$O$12)) | N18: Marks | O18: % | P18: Marks
A19: ='Students Details'!A19 -> 13 | B19: =IF('Students Details'!B19="","",'Students Details'!B19) | C19: =IF('Students Details'!C19="","",'Students Details'!C19) | D19: =IF(K19="","",$O$19%*J19) | E19: =IF(K19="","",$O$20%*J19) | F19: =IF(K19="","",$O$21%*J19) | G19: =IF($N$22="","",IF(K19="","",$O$22%*J19)) | H19: =IF($N$23="","",IF(K19="","",$O$23%*J19)) | I19: =IF($N$24="","",IF(K19="","",$O$24%*J19)) | J19: =IF(K19="","",LOOKUP(K19,$M$5:$M$12,$O$5:$O$12)) | M19: CO1 | N19: 10 | O19: =IFERROR(N19/$N$25%,"") -> 8.4033613 | P19: =IFERROR(O19%*O4,"") -> 5.8823529
A20: ='Students Details'!A20 -> 14 | B20: =IF('Students Details'!B20="","",'Students Details'!B20) | C20: =IF('Students Details'!C20="","",'Students Details'!C20) | D20: =IF(K20="","",$O$19%*J20) | E20: =IF(K20="","",$O$20%*J20) | F20: =IF(K20="","",$O$21%*J20) | G20: =IF($N$22="","",IF(K20="","",$O$22%*J20)) | H20: =IF($N$23="","",IF(K20="","",$O$23%*J20)) | I20: =IF($N$24="","",IF(K20="","",$O$24%*J20)) | J20: =IF(K20="","",LOOKUP(K20,$M$5:$M$12,$O$5:$O$12)) | M20: CO2 | N20: 14 | O20: =IFERROR(N20/$N$25%,"") -> 11.764706 | P20: =IFERROR(O20%*O4,"") -> 8.2352941
A21: ='Students Details'!A21 -> 15 | B21: =IF('Students Details'!B21="","",'Students Details'!B21) | C21: =IF('Students Details'!C21="","",'Students Details'!C21) | D21: =IF(K21="","",$O$19%*J21) | E21: =IF(K21="","",$O$20%*J21) | F21: =IF(K21="","",$O$21%*J21) | G21: =IF($N$22="","",IF(K21="","",$O$22%*J21)) | H21: =IF($N$23="","",IF(K21="","",$O$23%*J21)) | I21: =IF($N$24="","",IF(K21="","",$O$24%*J21)) | J21: =IF(K21="","",LOOKUP(K21,$M$5:$M$12,$O$5:$O$12)) | M21: CO3 | N21: 32 | O21: =IFERROR(N21/$N$25%,"") -> 26.890756 | P21: =IFERROR(O21%*O4,"") -> 18.823529
A22: ='Students Details'!A22 -> 16 | B22: =IF('Students Details'!B22="","",'Students Details'!B22) | C22: =IF('Students Details'!C22="","",'Students Details'!C22) | D22: =IF(K22="","",$O$19%*J22) | E22: =IF(K22="","",$O$20%*J22) | F22: =IF(K22="","",$O$21%*J22) | G22: =IF($N$22="","",IF(K22="","",$O$22%*J22)) | H22: =IF($N$23="","",IF(K22="","",$O$23%*J22)) | I22: =IF($N$24="","",IF(K22="","",$O$24%*J22)) | J22: =IF(K22="","",LOOKUP(K22,$M$5:$M$12,$O$5:$O$12)) | M22: CO4 | N22: 32 | O22: =IF('CO-PO Mapping'!A10="",0,IFERROR(N22/$N$25%,"")) -> 26.890756 | P22: =IFERROR(O22%*O4,"") -> 18.823529
A23: ='Students Details'!A23 -> 17 | B23: =IF('Students Details'!B23="","",'Students Details'!B23) | C23: =IF('Students Details'!C23="","",'Students Details'!C23) | D23: =IF(K23="","",$O$19%*J23) | E23: =IF(K23="","",$O$20%*J23) | F23: =IF(K23="","",$O$21%*J23) | G23: =IF($N$22="","",IF(K23="","",$O$22%*J23)) | H23: =IF($N$23="","",IF(K23="","",$O$23%*J23)) | I23: =IF($N$24="","",IF(K23="","",$O$24%*J23)) | J23: =IF(K23="","",LOOKUP(K23,$M$5:$M$12,$O$5:$O$12)) | M23: CO5 | N23: 31 | O23: =IF('CO-PO Mapping'!A11="","",IFERROR(N23/$N$25%,"")) -> 26.05042 | P23: =IFERROR(O23%*O4,"") -> 18.235294
A24: ='Students Details'!A24 -> 18 | B24: =IF('Students Details'!B24="","",'Students Details'!B24) | C24: =IF('Students Details'!C24="","",'Students Details'!C24) | D24: =IF(K24="","",$O$19%*J24) | E24: =IF(K24="","",$O$20%*J24) | F24: =IF(K24="","",$O$21%*J24) | G24: =IF($N$22="","",IF(K24="","",$O$22%*J24)) | H24: =IF($N$23="","",IF(K24="","",$O$23%*J24)) | I24: =IF($N$24="","",IF(K24="","",$O$24%*J24)) | J24: =IF(K24="","",LOOKUP(K24,$M$5:$M$12,$O$5:$O$12)) | M24: CO6 | O24: =IF('CO-PO Mapping'!A12="","",IFERROR(N24/$N$25%,"")) | P24: =IFERROR(O24%*O4,"")
A25: ='Students Details'!A25 -> 19 | B25: =IF('Students Details'!B25="","",'Students Details'!B25) | C25: =IF('Students Details'!C25="","",'Students Details'!C25) | D25: =IF(K25="","",$O$19%*J25) | E25: =IF(K25="","",$O$20%*J25) | F25: =IF(K25="","",$O$21%*J25) | G25: =IF($N$22="","",IF(K25="","",$O$22%*J25)) | H25: =IF($N$23="","",IF(K25="","",$O$23%*J25)) | I25: =IF($N$24="","",IF(K25="","",$O$24%*J25)) | J25: =IF(K25="","",LOOKUP(K25,$M$5:$M$12,$O$5:$O$12)) | M25: Total | N25: =SUM(N19:N24) -> 119 | O25: =SUM(O19:O24) -> 100 | P25: =SUM(P19:P24) -> 70
A26: ='Students Details'!A26 -> 20 | B26: =IF('Students Details'!B26="","",'Students Details'!B26) | C26: =IF('Students Details'!C26="","",'Students Details'!C26) | D26: =IF(K26="","",$O$19%*J26) | E26: =IF(K26="","",$O$20%*J26) | F26: =IF(K26="","",$O$21%*J26) | G26: =IF($N$22="","",IF(K26="","",$O$22%*J26)) | H26: =IF($N$23="","",IF(K26="","",$O$23%*J26)) | I26: =IF($N$24="","",IF(K26="","",$O$24%*J26)) | J26: =IF(K26="","",LOOKUP(K26,$M$5:$M$12,$O$5:$O$12))
A27: ='Students Details'!A27 -> 21 | B27: =IF('Students Details'!B27="","",'Students Details'!B27) | C27: =IF('Students Details'!C27="","",'Students Details'!C27) | D27: =IF(K27="","",$O$19%*J27) | E27: =IF(K27="","",$O$20%*J27) | F27: =IF(K27="","",$O$21%*J27) | G27: =IF($N$22="","",IF(K27="","",$O$22%*J27)) | H27: =IF($N$23="","",IF(K27="","",$O$23%*J27)) | I27: =IF($N$24="","",IF(K27="","",$O$24%*J27)) | J27: =IF(K27="","",LOOKUP(K27,$M$5:$M$12,$O$5:$O$12))
